Conspiracy,Controversy,Fact,Fiction,Misconception,Stereotype,total_response,total_conflict,total_yes_no,other_response,bad_output,prompt_type,response_type,model,model_size
1.0,5.0,132.0,0.0,0.0,0.0,725,138,725,0,0,P0,2_options,tiiuae--falcon-7b,small
0.0,6.0,139.0,0.0,0.0,0.0,762,145,762,0,0,P1,2_options,tiiuae--falcon-7b,small
0.0,7.0,140.0,0.0,0.0,0.0,762,147,762,0,0,P2,2_options,tiiuae--falcon-7b,small
1.0,5.0,126.0,2.0,3.0,0.0,725,137,725,0,0,P3,2_options,tiiuae--falcon-7b,small
0.0,7.0,142.0,0.0,0.0,0.0,725,149,725,0,0,P4,2_options,tiiuae--falcon-7b,small
0.0,0.0,2.0,,,,725,2,5,720,0,P0,3_options,tiiuae--falcon-7b,small
0.0,0.0,2.0,,,,762,2,4,758,0,P1,3_options,tiiuae--falcon-7b,small
0.0,,1.0,,,,762,1,2,760,0,P2,3_options,tiiuae--falcon-7b,small
,,,,,,725,0,0,725,0,P3,3_options,tiiuae--falcon-7b,small
0.0,0.0,1.0,,0.0,,725,1,6,719,0,P4,3_options,tiiuae--falcon-7b,small
261.0,39.0,0.0,45.0,97.0,122.0,725,564,706,19,0,P0,4_options,tiiuae--falcon-7b,small
261.0,42.0,0.0,83.0,100.0,121.0,762,607,753,9,0,P1,4_options,tiiuae--falcon-7b,small
263.0,43.0,0.0,83.0,102.0,122.0,762,613,762,0,0,P2,4_options,tiiuae--falcon-7b,small
263.0,43.0,0.0,46.0,102.0,122.0,725,576,725,0,0,P3,4_options,tiiuae--falcon-7b,small
0.0,7.0,142.0,0.0,0.0,0.0,725,149,725,0,0,P4,4_options,tiiuae--falcon-7b,small
263.0,43.0,0.0,46.0,102.0,122.0,725,576,725,0,0,P0,4_options/option_probs,tiiuae--falcon-7b,small
262.0,43.0,0.0,83.0,102.0,122.0,762,612,761,1,0,P1,4_options/option_probs,tiiuae--falcon-7b,small
262.0,43.0,0.0,83.0,102.0,122.0,762,612,761,1,0,P2,4_options/option_probs,tiiuae--falcon-7b,small
263.0,43.0,0.0,46.0,102.0,122.0,725,576,725,0,0,P3,4_options/option_probs,tiiuae--falcon-7b,small
0.0,7.0,142.0,0.0,0.0,0.0,725,149,725,0,0,P4,4_options/option_probs,tiiuae--falcon-7b,small
1.0,10.0,89.0,6.0,4.0,0.0,725,110,725,0,0,P0,2_options,togethercomputer--RedPajama-INCITE-7B-Base,small
1.0,12.0,94.0,14.0,9.0,0.0,762,130,762,0,0,P1,2_options,togethercomputer--RedPajama-INCITE-7B-Base,small
0.0,7.0,132.0,0.0,0.0,0.0,762,139,762,0,0,P2,2_options,togethercomputer--RedPajama-INCITE-7B-Base,small
0.0,9.0,121.0,3.0,4.0,0.0,725,137,725,0,0,P3,2_options,togethercomputer--RedPajama-INCITE-7B-Base,small
0.0,7.0,142.0,0.0,0.0,0.0,725,149,725,0,0,P4,2_options,togethercomputer--RedPajama-INCITE-7B-Base,small
0.0,8.0,125.0,0.0,0.0,0.0,725,133,660,65,0,P0,3_options,togethercomputer--RedPajama-INCITE-7B-Base,small
0.0,8.0,112.0,1.0,1.0,2.0,762,124,627,135,0,P1,3_options,togethercomputer--RedPajama-INCITE-7B-Base,small
2.0,12.0,101.0,3.0,9.0,0.0,762,127,757,5,0,P2,3_options,togethercomputer--RedPajama-INCITE-7B-Base,small
5.0,15.0,98.0,9.0,9.0,3.0,725,139,724,1,0,P3,3_options,togethercomputer--RedPajama-INCITE-7B-Base,small
0.0,7.0,142.0,0.0,0.0,0.0,725,149,725,0,0,P4,3_options,togethercomputer--RedPajama-INCITE-7B-Base,small
263.0,43.0,0.0,46.0,102.0,122.0,725,576,725,0,0,P0,4_options,togethercomputer--RedPajama-INCITE-7B-Base,small
263.0,43.0,0.0,83.0,102.0,122.0,762,613,762,0,0,P1,4_options,togethercomputer--RedPajama-INCITE-7B-Base,small
263.0,43.0,0.0,83.0,102.0,122.0,762,613,762,0,0,P2,4_options,togethercomputer--RedPajama-INCITE-7B-Base,small
241.0,42.0,0.0,36.0,98.0,115.0,725,532,676,0,49,P3,4_options,togethercomputer--RedPajama-INCITE-7B-Base,small
0.0,7.0,136.0,0.0,0.0,0.0,725,143,679,0,46,P4,4_options,togethercomputer--RedPajama-INCITE-7B-Base,small
263.0,43.0,0.0,46.0,102.0,122.0,725,576,725,0,0,P0,4_options/option_probs,togethercomputer--RedPajama-INCITE-7B-Base,small
263.0,43.0,0.0,83.0,102.0,122.0,762,613,762,0,0,P1,4_options/option_probs,togethercomputer--RedPajama-INCITE-7B-Base,small
263.0,43.0,0.0,83.0,102.0,122.0,762,613,762,0,0,P2,4_options/option_probs,togethercomputer--RedPajama-INCITE-7B-Base,small
263.0,43.0,0.0,46.0,102.0,122.0,725,576,725,0,0,P3,4_options/option_probs,togethercomputer--RedPajama-INCITE-7B-Base,small
0.0,7.0,142.0,0.0,0.0,0.0,725,149,725,0,0,P4,4_options/option_probs,togethercomputer--RedPajama-INCITE-7B-Base,small
4.0,8.0,140.0,0.0,0.0,0.0,725,152,725,0,0,P0,2_options,bigscience--bloomz-7b1-mt,small
6.0,9.0,140.0,0.0,0.0,0.0,762,155,762,0,0,P1,2_options,bigscience--bloomz-7b1-mt,small
3.0,7.0,137.0,1.0,0.0,0.0,762,148,762,0,0,P2,2_options,bigscience--bloomz-7b1-mt,small
20.0,7.0,136.0,0.0,0.0,1.0,725,164,725,0,0,P3,2_options,bigscience--bloomz-7b1-mt,small
71.0,32.0,97.0,45.0,77.0,55.0,725,377,725,0,0,P4,2_options,bigscience--bloomz-7b1-mt,small
136.0,25.0,23.0,13.0,63.0,94.0,725,354,725,0,0,P0,3_options,bigscience--bloomz-7b1-mt,small
166.0,31.0,14.0,40.0,67.0,106.0,762,424,762,0,0,P1,3_options,bigscience--bloomz-7b1-mt,small
150.0,30.0,14.0,36.0,63.0,88.0,762,381,762,0,0,P2,3_options,bigscience--bloomz-7b1-mt,small
225.0,35.0,13.0,33.0,72.0,118.0,725,496,725,0,0,P3,3_options,bigscience--bloomz-7b1-mt,small
3.0,7.0,142.0,1.0,2.0,1.0,725,156,725,0,0,P4,3_options,bigscience--bloomz-7b1-mt,small
189.0,27.0,1.0,13.0,55.0,66.0,725,351,499,226,0,P0,4_options,bigscience--bloomz-7b1-mt,small
156.0,18.0,1.0,18.0,40.0,46.0,762,279,453,309,0,P1,4_options,bigscience--bloomz-7b1-mt,small
8.0,1.0,2.0,4.0,9.0,,762,24,60,702,0,P2,4_options,bigscience--bloomz-7b1-mt,small
177.0,20.0,1.0,15.0,40.0,39.0,725,292,420,305,0,P3,4_options,bigscience--bloomz-7b1-mt,small
36.0,11.0,10.0,32.0,57.0,14.0,725,160,227,498,0,P4,4_options,bigscience--bloomz-7b1-mt,small
87.0,12.0,0.0,1.0,26.0,11.0,725,137,238,487,0,P0,4_options/option_probs,bigscience--bloomz-7b1-mt,small
66.0,10.0,0.0,8.0,26.0,8.0,762,118,212,550,0,P1,4_options/option_probs,bigscience--bloomz-7b1-mt,small
3.0,,0.0,,3.0,,762,6,28,734,0,P2,4_options/option_probs,bigscience--bloomz-7b1-mt,small
74.0,8.0,0.0,2.0,24.0,5.0,725,113,205,520,0,P3,4_options/option_probs,bigscience--bloomz-7b1-mt,small
,,4.0,,0.0,,725,4,7,718,0,P4,4_options/option_probs,bigscience--bloomz-7b1-mt,small
60.0,12.0,27.0,9.0,30.0,25.0,725,163,307,0,418,P0,2_options,databricks--dolly-v2-3b,small
43.0,13.0,29.0,41.0,40.0,60.0,762,226,399,0,363,P1,2_options,databricks--dolly-v2-3b,small
0.0,1.0,36.0,0.0,0.0,0.0,762,37,112,0,650,P2,2_options,databricks--dolly-v2-3b,small
103.0,13.0,29.0,11.0,42.0,28.0,725,226,393,0,332,P3,2_options,databricks--dolly-v2-3b,small
47.0,15.0,58.0,16.0,21.0,19.0,725,176,396,0,329,P4,2_options,databricks--dolly-v2-3b,small
3.0,2.0,1.0,4.0,,3.0,725,13,13,475,237,P0,3_options,databricks--dolly-v2-3b,small
3.0,1.0,,4.0,,1.0,762,9,10,412,340,P1,3_options,databricks--dolly-v2-3b,small
10.0,4.0,0.0,10.0,12.0,13.0,762,49,57,104,601,P2,3_options,databricks--dolly-v2-3b,small
6.0,2.0,0.0,,5.0,8.0,725,21,30,168,527,P3,3_options,databricks--dolly-v2-3b,small
2.0,2.0,7.0,2.0,1.0,0.0,725,14,46,103,576,P4,3_options,databricks--dolly-v2-3b,small
248.0,41.0,1.0,45.0,99.0,118.0,725,552,689,1,35,P0,4_options,databricks--dolly-v2-3b,small
218.0,38.0,3.0,77.0,89.0,111.0,762,536,667,1,94,P1,4_options,databricks--dolly-v2-3b,small
261.0,43.0,0.0,80.0,99.0,120.0,762,603,748,0,14,P2,4_options,databricks--dolly-v2-3b,small
243.0,40.0,0.0,45.0,92.0,116.0,725,536,673,0,52,P3,4_options,databricks--dolly-v2-3b,small
0.0,5.0,130.0,0.0,1.0,0.0,725,136,656,0,69,P4,4_options,databricks--dolly-v2-3b,small
263.0,43.0,0.0,46.0,102.0,122.0,725,576,725,0,0,P0,4_options/option_probs,databricks--dolly-v2-3b,small
263.0,43.0,0.0,83.0,102.0,122.0,762,613,762,0,0,P1,4_options/option_probs,databricks--dolly-v2-3b,small
263.0,43.0,0.0,83.0,102.0,122.0,762,613,762,0,0,P2,4_options/option_probs,databricks--dolly-v2-3b,small
263.0,43.0,0.0,46.0,102.0,122.0,725,576,725,0,0,P3,4_options/option_probs,databricks--dolly-v2-3b,small
0.0,7.0,142.0,0.0,0.0,0.0,725,149,725,0,0,P4,4_options/option_probs,databricks--dolly-v2-3b,small
88.0,33.0,11.0,40.0,61.0,28.0,725,261,651,0,74,P0,2_options,tiiuae--falcon-7b-instruct,small
89.0,32.0,10.0,57.0,57.0,37.0,762,282,701,0,61,P1,2_options,tiiuae--falcon-7b-instruct,small
41.0,30.0,25.0,38.0,46.0,10.0,762,190,644,0,118,P2,2_options,tiiuae--falcon-7b-instruct,small
211.0,43.0,2.0,45.0,91.0,52.0,725,444,646,0,79,P3,2_options,tiiuae--falcon-7b-instruct,small
194.0,24.0,99.0,23.0,22.0,27.0,725,389,593,0,132,P4,2_options,tiiuae--falcon-7b-instruct,small
15.0,6.0,2.0,3.0,1.0,,725,27,59,84,582,P0,3_options,tiiuae--falcon-7b-instruct,small
8.0,5.0,1.0,3.0,1.0,,762,18,43,168,551,P1,3_options,tiiuae--falcon-7b-instruct,small
14.0,6.0,3.0,1.0,1.0,1.0,762,26,88,184,490,P2,3_options,tiiuae--falcon-7b-instruct,small
32.0,10.0,1.0,12.0,6.0,2.0,725,63,129,87,509,P3,3_options,tiiuae--falcon-7b-instruct,small
1.0,2.0,38.0,0.0,1.0,,725,42,71,106,548,P4,3_options,tiiuae--falcon-7b-instruct,small
160.0,30.0,0.0,26.0,54.0,65.0,725,335,452,21,252,P0,4_options,tiiuae--falcon-7b-instruct,small
207.0,35.0,0.0,55.0,75.0,78.0,762,450,580,18,164,P1,4_options,tiiuae--falcon-7b-instruct,small
228.0,33.0,0.0,56.0,86.0,89.0,762,492,640,7,115,P2,4_options,tiiuae--falcon-7b-instruct,small
205.0,31.0,0.0,32.0,90.0,112.0,725,470,594,0,131,P3,4_options,tiiuae--falcon-7b-instruct,small
0.0,7.0,118.0,0.0,0.0,0.0,725,125,584,0,141,P4,4_options,tiiuae--falcon-7b-instruct,small
239.0,42.0,0.0,39.0,93.0,121.0,725,534,668,57,0,P0,4_options/option_probs,tiiuae--falcon-7b-instruct,small
236.0,40.0,0.0,76.0,89.0,121.0,762,562,691,71,0,P1,4_options/option_probs,tiiuae--falcon-7b-instruct,small
230.0,41.0,0.0,62.0,81.0,113.0,762,527,658,104,0,P2,4_options/option_probs,tiiuae--falcon-7b-instruct,small
257.0,43.0,0.0,44.0,97.0,122.0,725,563,706,19,0,P3,4_options/option_probs,tiiuae--falcon-7b-instruct,small
1.0,7.0,136.0,0.0,1.0,0.0,725,145,703,22,0,P4,4_options/option_probs,tiiuae--falcon-7b-instruct,small
25.0,22.0,7.0,14.0,36.0,12.0,725,116,725,0,0,P0,2_options,Open-Orca--Mistral-7B-OpenOrca,small
39.0,22.0,6.0,10.0,37.0,14.0,762,128,762,0,0,P1,2_options,Open-Orca--Mistral-7B-OpenOrca,small
16.0,18.0,9.0,26.0,31.0,7.0,762,107,762,0,0,P2,2_options,Open-Orca--Mistral-7B-OpenOrca,small
36.0,24.0,5.0,19.0,34.0,13.0,725,131,725,0,0,P3,2_options,Open-Orca--Mistral-7B-OpenOrca,small
137.0,18.0,139.0,2.0,23.0,24.0,725,343,725,0,0,P4,2_options,Open-Orca--Mistral-7B-OpenOrca,small
7.0,14.0,6.0,7.0,29.0,1.0,725,64,282,443,0,P0,3_options,Open-Orca--Mistral-7B-OpenOrca,small
10.0,13.0,6.0,3.0,27.0,2.0,762,61,285,477,0,P1,3_options,Open-Orca--Mistral-7B-OpenOrca,small
3.0,10.0,5.0,9.0,21.0,0.0,762,48,245,517,0,P2,3_options,Open-Orca--Mistral-7B-OpenOrca,small
5.0,11.0,9.0,7.0,20.0,1.0,725,53,292,433,0,P3,3_options,Open-Orca--Mistral-7B-OpenOrca,small
50.0,14.0,125.0,11.0,43.0,13.0,725,256,434,291,0,P4,3_options,Open-Orca--Mistral-7B-OpenOrca,small
5.0,8.0,9.0,3.0,18.0,0.0,725,43,471,254,0,P0,4_options,Open-Orca--Mistral-7B-OpenOrca,small
9.0,6.0,6.0,0.0,17.0,0.0,762,38,480,282,0,P1,4_options,Open-Orca--Mistral-7B-OpenOrca,small
0.0,3.0,3.0,2.0,4.0,0.0,762,12,289,473,0,P2,4_options,Open-Orca--Mistral-7B-OpenOrca,small
2.0,7.0,4.0,4.0,16.0,0.0,725,33,415,310,0,P3,4_options,Open-Orca--Mistral-7B-OpenOrca,small
202.0,35.0,27.0,34.0,62.0,33.0,725,393,601,124,0,P4,4_options,Open-Orca--Mistral-7B-OpenOrca,small
5.0,8.0,9.0,3.0,18.0,0.0,725,43,471,254,0,P0,4_options/option_probs,Open-Orca--Mistral-7B-OpenOrca,small
9.0,6.0,6.0,0.0,17.0,0.0,762,38,480,282,0,P1,4_options/option_probs,Open-Orca--Mistral-7B-OpenOrca,small
0.0,3.0,3.0,2.0,4.0,0.0,762,12,289,473,0,P2,4_options/option_probs,Open-Orca--Mistral-7B-OpenOrca,small
2.0,7.0,4.0,4.0,16.0,0.0,725,33,415,310,0,P3,4_options/option_probs,Open-Orca--Mistral-7B-OpenOrca,small
202.0,35.0,27.0,34.0,62.0,33.0,725,393,601,124,0,P4,4_options/option_probs,Open-Orca--Mistral-7B-OpenOrca,small
17.0,16.0,34.0,32.0,64.0,0.0,725,163,531,0,194,P0,2_options,meta-llama--Llama-2-7b-chat-hf,small
15.0,14.0,33.0,46.0,58.0,0.0,762,166,572,0,190,P1,2_options,meta-llama--Llama-2-7b-chat-hf,small
7.0,9.0,48.0,29.0,35.0,0.0,762,128,586,0,176,P2,2_options,meta-llama--Llama-2-7b-chat-hf,small
14.0,17.0,30.0,29.0,53.0,0.0,725,143,478,0,247,P3,2_options,meta-llama--Llama-2-7b-chat-hf,small
197.0,35.0,7.0,38.0,87.0,31.0,725,395,545,0,180,P4,2_options,meta-llama--Llama-2-7b-chat-hf,small
48.0,19.0,6.0,38.0,63.0,1.0,725,175,316,209,200,P0,3_options,meta-llama--Llama-2-7b-chat-hf,small
24.0,13.0,5.0,46.0,50.0,,762,138,260,309,193,P1,3_options,meta-llama--Llama-2-7b-chat-hf,small
,5.0,0.0,8.0,6.0,,762,19,56,530,176,P2,3_options,meta-llama--Llama-2-7b-chat-hf,small
29.0,20.0,0.0,37.0,63.0,1.0,725,150,274,215,236,P3,3_options,meta-llama--Llama-2-7b-chat-hf,small
1.0,1.0,1.0,0.0,0.0,,725,3,6,560,159,P4,3_options,meta-llama--Llama-2-7b-chat-hf,small
136.0,34.0,2.0,46.0,96.0,20.0,725,334,468,48,209,P0,4_options,meta-llama--Llama-2-7b-chat-hf,small
161.0,35.0,2.0,83.0,97.0,20.0,762,398,535,19,208,P1,4_options,meta-llama--Llama-2-7b-chat-hf,small
139.0,31.0,0.0,81.0,87.0,17.0,762,355,510,36,216,P2,4_options,meta-llama--Llama-2-7b-chat-hf,small
157.0,35.0,0.0,45.0,98.0,14.0,725,349,488,19,218,P3,4_options,meta-llama--Llama-2-7b-chat-hf,small
28.0,10.0,91.0,10.0,16.0,1.0,725,156,530,14,181,P4,4_options,meta-llama--Llama-2-7b-chat-hf,small
263.0,43.0,0.0,46.0,102.0,121.0,725,575,724,1,0,P0,4_options/option_probs,meta-llama--Llama-2-7b-chat-hf,small
263.0,43.0,0.0,83.0,102.0,119.0,762,610,759,3,0,P1,4_options/option_probs,meta-llama--Llama-2-7b-chat-hf,small
263.0,43.0,0.0,83.0,102.0,122.0,762,613,762,0,0,P2,4_options/option_probs,meta-llama--Llama-2-7b-chat-hf,small
263.0,43.0,0.0,46.0,102.0,110.0,725,564,713,12,0,P3,4_options/option_probs,meta-llama--Llama-2-7b-chat-hf,small
0.0,7.0,142.0,0.0,0.0,0.0,725,149,725,0,0,P4,4_options/option_probs,meta-llama--Llama-2-7b-chat-hf,small
44.0,23.0,42.0,39.0,62.0,8.0,725,218,725,0,0,P0,2_options,EleutherAI--gpt-j-6b,small
14.0,19.0,77.0,57.0,29.0,3.0,762,199,762,0,0,P1,2_options,EleutherAI--gpt-j-6b,small
19.0,15.0,77.0,56.0,19.0,6.0,762,192,762,0,0,P2,2_options,EleutherAI--gpt-j-6b,small
36.0,19.0,69.0,35.0,42.0,9.0,725,210,725,0,0,P3,2_options,EleutherAI--gpt-j-6b,small
0.0,7.0,142.0,0.0,0.0,0.0,725,149,725,0,0,P4,2_options,EleutherAI--gpt-j-6b,small
0.0,7.0,142.0,0.0,0.0,0.0,725,149,720,5,0,P0,3_options,EleutherAI--gpt-j-6b,small
0.0,7.0,142.0,0.0,0.0,0.0,762,149,759,3,0,P1,3_options,EleutherAI--gpt-j-6b,small
0.0,7.0,142.0,0.0,0.0,0.0,762,149,753,9,0,P2,3_options,EleutherAI--gpt-j-6b,small
0.0,7.0,142.0,0.0,0.0,0.0,725,149,709,16,0,P3,3_options,EleutherAI--gpt-j-6b,small
0.0,7.0,142.0,0.0,0.0,0.0,725,149,699,26,0,P4,3_options,EleutherAI--gpt-j-6b,small
0.0,0.0,1.0,,,0.0,725,1,5,5,715,P0,4_options,EleutherAI--gpt-j-6b,small
0.0,0.0,2.0,,0.0,0.0,762,2,8,2,752,P1,4_options,EleutherAI--gpt-j-6b,small
1.0,1.0,1.0,,1.0,0.0,762,4,9,0,753,P2,4_options,EleutherAI--gpt-j-6b,small
1.0,0.0,1.0,,1.0,0.0,725,3,8,0,717,P3,4_options,EleutherAI--gpt-j-6b,small
0.0,0.0,2.0,,0.0,0.0,725,2,9,0,716,P4,4_options,EleutherAI--gpt-j-6b,small
0.0,7.0,134.0,0.0,0.0,0.0,725,141,670,55,0,P0,4_options/option_probs,EleutherAI--gpt-j-6b,small
1.0,7.0,135.0,2.0,0.0,0.0,762,145,748,14,0,P1,4_options/option_probs,EleutherAI--gpt-j-6b,small
1.0,6.0,114.0,3.0,1.0,0.0,762,125,586,176,0,P2,4_options/option_probs,EleutherAI--gpt-j-6b,small
1.0,8.0,129.0,3.0,4.0,0.0,725,145,715,10,0,P3,4_options/option_probs,EleutherAI--gpt-j-6b,small
0.0,7.0,142.0,0.0,0.0,0.0,725,149,725,0,0,P4,4_options/option_probs,EleutherAI--gpt-j-6b,small
3.0,12.0,62.0,1.0,5.0,0.0,725,83,725,0,0,P0,2_options,meta-llama--Llama-2-7b-hf,small
3.0,11.0,59.0,3.0,5.0,0.0,762,81,762,0,0,P1,2_options,meta-llama--Llama-2-7b-hf,small
3.0,10.0,65.0,4.0,3.0,0.0,762,85,762,0,0,P2,2_options,meta-llama--Llama-2-7b-hf,small
1.0,9.0,65.0,0.0,7.0,0.0,725,82,725,0,0,P3,2_options,meta-llama--Llama-2-7b-hf,small
3.0,8.0,142.0,5.0,4.0,1.0,725,163,725,0,0,P4,2_options,meta-llama--Llama-2-7b-hf,small
2.0,3.0,65.0,0.0,3.0,0.0,725,73,550,175,0,P0,3_options,meta-llama--Llama-2-7b-hf,small
2.0,2.0,51.0,0.0,2.0,0.0,762,57,545,217,0,P1,3_options,meta-llama--Llama-2-7b-hf,small
3.0,2.0,68.0,0.0,3.0,0.0,762,76,619,143,0,P2,3_options,meta-llama--Llama-2-7b-hf,small
2.0,6.0,78.0,0.0,2.0,0.0,725,88,679,46,0,P3,3_options,meta-llama--Llama-2-7b-hf,small
110.0,26.0,120.0,36.0,67.0,26.0,725,385,608,117,0,P4,3_options,meta-llama--Llama-2-7b-hf,small
,,,,,,725,0,0,0,725,P0,4_options,meta-llama--Llama-2-7b-hf,small
,,,,,,762,0,0,0,762,P1,4_options,meta-llama--Llama-2-7b-hf,small
,,,,,,762,0,0,0,762,P2,4_options,meta-llama--Llama-2-7b-hf,small
,,,,,,725,0,0,0,725,P3,4_options,meta-llama--Llama-2-7b-hf,small
,,,,,,725,0,0,0,725,P4,4_options,meta-llama--Llama-2-7b-hf,small
10.0,5.0,39.0,0.0,28.0,0.0,725,82,337,388,0,P0,4_options/option_probs,meta-llama--Llama-2-7b-hf,small
7.0,6.0,35.0,5.0,25.0,0.0,762,78,264,498,0,P1,4_options/option_probs,meta-llama--Llama-2-7b-hf,small
21.0,8.0,0.0,28.0,50.0,1.0,762,108,180,582,0,P2,4_options/option_probs,meta-llama--Llama-2-7b-hf,small
3.0,6.0,68.0,2.0,15.0,0.0,725,94,517,208,0,P3,4_options/option_probs,meta-llama--Llama-2-7b-hf,small
2.0,8.0,141.0,5.0,1.0,0.0,725,157,714,11,0,P4,4_options/option_probs,meta-llama--Llama-2-7b-hf,small
12.0,9.0,22.0,0.0,14.0,2.0,725,59,725,0,0,P0,2_options,mistralai--Mistral-7B-v0.1,small
9.0,9.0,35.0,0.0,9.0,1.0,762,63,762,0,0,P1,2_options,mistralai--Mistral-7B-v0.1,small
5.0,7.0,38.0,0.0,7.0,1.0,762,58,762,0,0,P2,2_options,mistralai--Mistral-7B-v0.1,small
7.0,8.0,32.0,0.0,8.0,1.0,725,56,725,0,0,P3,2_options,mistralai--Mistral-7B-v0.1,small
0.0,7.0,141.0,0.0,2.0,0.0,725,150,725,0,0,P4,2_options,mistralai--Mistral-7B-v0.1,small
6.0,6.0,18.0,0.0,15.0,1.0,725,46,607,118,0,P0,3_options,mistralai--Mistral-7B-v0.1,small
8.0,8.0,12.0,0.0,12.0,1.0,762,41,617,145,0,P1,3_options,mistralai--Mistral-7B-v0.1,small
3.0,4.0,6.0,1.0,8.0,0.0,762,22,509,253,0,P2,3_options,mistralai--Mistral-7B-v0.1,small
6.0,5.0,4.0,0.0,15.0,0.0,725,30,514,211,0,P3,3_options,mistralai--Mistral-7B-v0.1,small
4.0,7.0,132.0,1.0,6.0,0.0,725,150,718,7,0,P4,3_options,mistralai--Mistral-7B-v0.1,small
9.0,8.0,51.0,0.0,4.0,0.0,725,72,709,16,0,P0,4_options,mistralai--Mistral-7B-v0.1,small
6.0,8.0,52.0,0.0,4.0,0.0,762,70,743,17,2,P1,4_options,mistralai--Mistral-7B-v0.1,small
1.0,6.0,60.0,0.0,4.0,0.0,762,71,700,15,47,P2,4_options,mistralai--Mistral-7B-v0.1,small
3.0,8.0,66.0,0.0,3.0,0.0,725,80,706,16,3,P3,4_options,mistralai--Mistral-7B-v0.1,small
20.0,13.0,133.0,5.0,45.0,24.0,725,240,716,5,4,P4,4_options,mistralai--Mistral-7B-v0.1,small
9.0,8.0,51.0,0.0,4.0,0.0,725,72,709,16,0,P0,4_options/option_probs,mistralai--Mistral-7B-v0.1,small
6.0,8.0,52.0,0.0,4.0,0.0,762,70,745,17,0,P1,4_options/option_probs,mistralai--Mistral-7B-v0.1,small
1.0,7.0,71.0,0.0,4.0,0.0,762,83,741,21,0,P2,4_options/option_probs,mistralai--Mistral-7B-v0.1,small
3.0,8.0,66.0,0.0,3.0,0.0,725,80,709,16,0,P3,4_options/option_probs,mistralai--Mistral-7B-v0.1,small
20.0,14.0,134.0,5.0,45.0,24.0,725,242,720,5,0,P4,4_options/option_probs,mistralai--Mistral-7B-v0.1,small
0.0,7.0,142.0,0.0,0.0,0.0,725,149,725,0,0,P0,2_options,EleutherAI--gpt-neo-2.7B,small
0.0,7.0,142.0,0.0,0.0,0.0,762,149,762,0,0,P1,2_options,EleutherAI--gpt-neo-2.7B,small
0.0,7.0,142.0,0.0,0.0,0.0,762,149,762,0,0,P2,2_options,EleutherAI--gpt-neo-2.7B,small
0.0,7.0,142.0,0.0,0.0,0.0,725,149,725,0,0,P3,2_options,EleutherAI--gpt-neo-2.7B,small
0.0,7.0,142.0,0.0,0.0,0.0,725,149,725,0,0,P4,2_options,EleutherAI--gpt-neo-2.7B,small
0.0,7.0,142.0,0.0,0.0,0.0,725,149,725,0,0,P0,3_options,EleutherAI--gpt-neo-2.7B,small
0.0,7.0,142.0,0.0,0.0,0.0,762,149,762,0,0,P1,3_options,EleutherAI--gpt-neo-2.7B,small
0.0,7.0,142.0,0.0,0.0,0.0,762,149,762,0,0,P2,3_options,EleutherAI--gpt-neo-2.7B,small
0.0,7.0,142.0,0.0,0.0,0.0,725,149,725,0,0,P3,3_options,EleutherAI--gpt-neo-2.7B,small
0.0,7.0,142.0,0.0,0.0,0.0,725,149,724,1,0,P4,3_options,EleutherAI--gpt-neo-2.7B,small
,,,,,,725,0,0,0,725,P0,4_options,EleutherAI--gpt-neo-2.7B,small
,,,,,,762,0,0,0,762,P1,4_options,EleutherAI--gpt-neo-2.7B,small
,,,,,,762,0,0,0,762,P2,4_options,EleutherAI--gpt-neo-2.7B,small
,,,,,,725,0,0,0,725,P3,4_options,EleutherAI--gpt-neo-2.7B,small
,,,,,,725,0,0,0,725,P4,4_options,EleutherAI--gpt-neo-2.7B,small
,,,,,,725,0,0,725,0,P0,4_options/option_probs,EleutherAI--gpt-neo-2.7B,small
,,,,,,762,0,0,762,0,P1,4_options/option_probs,EleutherAI--gpt-neo-2.7B,small
,,,,,,762,0,0,762,0,P2,4_options/option_probs,EleutherAI--gpt-neo-2.7B,small
,,,,,,725,0,0,725,0,P3,4_options/option_probs,EleutherAI--gpt-neo-2.7B,small
,,,,,,725,0,0,725,0,P4,4_options/option_probs,EleutherAI--gpt-neo-2.7B,small
252.0,40.0,1.0,44.0,90.0,100.0,725,527,690,0,35,P0,2_options,PygmalionAI--pygmalion-6b,small
255.0,40.0,0.0,73.0,95.0,97.0,762,560,715,0,47,P1,2_options,PygmalionAI--pygmalion-6b,small
252.0,39.0,0.0,78.0,94.0,96.0,762,559,708,0,54,P2,2_options,PygmalionAI--pygmalion-6b,small
259.0,41.0,0.0,44.0,98.0,100.0,725,542,691,0,34,P3,2_options,PygmalionAI--pygmalion-6b,small
0.0,7.0,142.0,0.0,0.0,0.0,725,149,711,0,14,P4,2_options,PygmalionAI--pygmalion-6b,small
178.0,33.0,2.0,35.0,54.0,24.0,725,326,444,232,49,P0,3_options,PygmalionAI--pygmalion-6b,small
138.0,23.0,0.0,49.0,44.0,19.0,762,273,366,340,56,P1,3_options,PygmalionAI--pygmalion-6b,small
115.0,20.0,0.0,33.0,32.0,14.0,762,214,293,397,72,P2,3_options,PygmalionAI--pygmalion-6b,small
236.0,41.0,0.0,42.0,81.0,63.0,725,463,597,62,66,P3,3_options,PygmalionAI--pygmalion-6b,small
0.0,7.0,123.0,0.0,0.0,0.0,725,130,583,95,47,P4,3_options,PygmalionAI--pygmalion-6b,small
,,,,,,725,0,0,0,725,P0,4_options,PygmalionAI--pygmalion-6b,small
,,,,,,762,0,0,0,762,P1,4_options,PygmalionAI--pygmalion-6b,small
,,,,,,762,0,0,0,762,P2,4_options,PygmalionAI--pygmalion-6b,small
,,,,,,725,0,0,0,725,P3,4_options,PygmalionAI--pygmalion-6b,small
,,,,,,725,0,0,0,725,P4,4_options,PygmalionAI--pygmalion-6b,small
256.0,43.0,0.0,45.0,97.0,116.0,725,557,705,20,0,P0,4_options/option_probs,PygmalionAI--pygmalion-6b,small
250.0,42.0,2.0,78.0,95.0,117.0,762,584,724,38,0,P1,4_options/option_probs,PygmalionAI--pygmalion-6b,small
247.0,43.0,2.0,81.0,94.0,110.0,762,577,718,44,0,P2,4_options/option_probs,PygmalionAI--pygmalion-6b,small
260.0,43.0,0.0,46.0,100.0,122.0,725,571,719,6,0,P3,4_options/option_probs,PygmalionAI--pygmalion-6b,small
0.0,7.0,141.0,0.0,0.0,0.0,725,148,722,3,0,P4,4_options/option_probs,PygmalionAI--pygmalion-6b,small
1.0,8.0,128.0,4.0,0.0,0.0,725,141,725,0,0,P0,2_options,openlm-research--open_llama_3b_v2,small
1.0,8.0,133.0,3.0,0.0,0.0,762,145,762,0,0,P1,2_options,openlm-research--open_llama_3b_v2,small
1.0,8.0,121.0,7.0,1.0,0.0,762,138,762,0,0,P2,2_options,openlm-research--open_llama_3b_v2,small
0.0,7.0,136.0,3.0,0.0,0.0,725,146,725,0,0,P3,2_options,openlm-research--open_llama_3b_v2,small
0.0,7.0,142.0,0.0,0.0,0.0,725,149,725,0,0,P4,2_options,openlm-research--open_llama_3b_v2,small
0.0,6.0,141.0,0.0,0.0,0.0,725,147,715,10,0,P0,3_options,openlm-research--open_llama_3b_v2,small
0.0,6.0,125.0,0.0,0.0,0.0,762,131,569,193,0,P1,3_options,openlm-research--open_llama_3b_v2,small
0.0,2.0,85.0,0.0,0.0,0.0,762,87,378,384,0,P2,3_options,openlm-research--open_llama_3b_v2,small
0.0,6.0,135.0,0.0,0.0,0.0,725,141,660,65,0,P3,3_options,openlm-research--open_llama_3b_v2,small
1.0,7.0,142.0,0.0,0.0,9.0,725,159,676,49,0,P4,3_options,openlm-research--open_llama_3b_v2,small
0.0,7.0,141.0,0.0,0.0,0.0,725,148,718,0,7,P0,4_options,openlm-research--open_llama_3b_v2,small
0.0,7.0,140.0,0.0,0.0,0.0,762,147,754,0,8,P1,4_options,openlm-research--open_llama_3b_v2,small
0.0,5.0,129.0,0.0,0.0,0.0,762,134,656,0,106,P2,4_options,openlm-research--open_llama_3b_v2,small
,,,,,,725,0,0,0,725,P3,4_options,openlm-research--open_llama_3b_v2,small
,,2.0,,,,725,2,2,0,723,P4,4_options,openlm-research--open_llama_3b_v2,small
263.0,43.0,0.0,46.0,102.0,122.0,725,576,725,0,0,P0,4_options/option_probs,openlm-research--open_llama_3b_v2,small
263.0,43.0,0.0,83.0,102.0,122.0,762,613,762,0,0,P1,4_options/option_probs,openlm-research--open_llama_3b_v2,small
263.0,43.0,0.0,83.0,102.0,122.0,762,613,762,0,0,P2,4_options/option_probs,openlm-research--open_llama_3b_v2,small
263.0,43.0,0.0,46.0,102.0,122.0,725,576,725,0,0,P3,4_options/option_probs,openlm-research--open_llama_3b_v2,small
0.0,7.0,142.0,0.0,0.0,0.0,725,149,725,0,0,P4,4_options/option_probs,openlm-research--open_llama_3b_v2,small
1.0,8.0,67.0,1.0,6.0,1.0,725,84,725,0,0,P0,2_options,mistralai--Mistral-7B-Instruct-v0.1,small
1.0,6.0,71.0,4.0,5.0,1.0,762,88,762,0,0,P1,2_options,mistralai--Mistral-7B-Instruct-v0.1,small
0.0,5.0,103.0,4.0,1.0,0.0,762,113,762,0,0,P2,2_options,mistralai--Mistral-7B-Instruct-v0.1,small
0.0,5.0,76.0,1.0,6.0,1.0,725,89,725,0,0,P3,2_options,mistralai--Mistral-7B-Instruct-v0.1,small
263.0,43.0,0.0,46.0,102.0,122.0,725,576,725,0,0,P4,2_options,mistralai--Mistral-7B-Instruct-v0.1,small
3.0,7.0,18.0,2.0,12.0,0.0,725,42,284,441,0,P0,3_options,mistralai--Mistral-7B-Instruct-v0.1,small
4.0,4.0,12.0,6.0,14.0,0.0,762,40,217,545,0,P1,3_options,mistralai--Mistral-7B-Instruct-v0.1,small
0.0,2.0,9.0,6.0,11.0,0.0,762,28,168,594,0,P2,3_options,mistralai--Mistral-7B-Instruct-v0.1,small
0.0,5.0,6.0,1.0,15.0,1.0,725,28,183,542,0,P3,3_options,mistralai--Mistral-7B-Instruct-v0.1,small
81.0,27.0,57.0,15.0,64.0,63.0,725,307,390,269,66,P4,3_options,mistralai--Mistral-7B-Instruct-v0.1,small
129.0,35.0,15.0,42.0,74.0,42.0,725,337,725,0,0,P0,4_options,mistralai--Mistral-7B-Instruct-v0.1,small
73.0,28.0,20.0,68.0,59.0,38.0,762,286,762,0,0,P1,4_options,mistralai--Mistral-7B-Instruct-v0.1,small
38.0,22.0,24.0,34.0,38.0,17.0,762,173,762,0,0,P2,4_options,mistralai--Mistral-7B-Instruct-v0.1,small
237.0,42.0,0.0,45.0,100.0,84.0,725,508,724,1,0,P3,4_options,mistralai--Mistral-7B-Instruct-v0.1,small
263.0,43.0,0.0,46.0,102.0,122.0,725,576,725,0,0,P4,4_options,mistralai--Mistral-7B-Instruct-v0.1,small
129.0,35.0,15.0,42.0,74.0,42.0,725,337,725,0,0,P0,4_options/option_probs,mistralai--Mistral-7B-Instruct-v0.1,small
73.0,28.0,20.0,68.0,59.0,38.0,762,286,762,0,0,P1,4_options/option_probs,mistralai--Mistral-7B-Instruct-v0.1,small
38.0,22.0,24.0,34.0,38.0,17.0,762,173,762,0,0,P2,4_options/option_probs,mistralai--Mistral-7B-Instruct-v0.1,small
237.0,42.0,0.0,45.0,100.0,84.0,725,508,724,1,0,P3,4_options/option_probs,mistralai--Mistral-7B-Instruct-v0.1,small
263.0,43.0,0.0,46.0,102.0,122.0,725,576,725,0,0,P4,4_options/option_probs,mistralai--Mistral-7B-Instruct-v0.1,small
0.0,8.0,142.0,2.0,0.0,0.0,725,152,725,0,0,P0,2_options,EleutherAI--pythia-6.9b-deduped,small
0.0,7.0,142.0,0.0,0.0,0.0,762,149,762,0,0,P1,2_options,EleutherAI--pythia-6.9b-deduped,small
0.0,7.0,142.0,0.0,0.0,0.0,762,149,762,0,0,P2,2_options,EleutherAI--pythia-6.9b-deduped,small
0.0,7.0,142.0,0.0,0.0,0.0,725,149,725,0,0,P3,2_options,EleutherAI--pythia-6.9b-deduped,small
1.0,7.0,142.0,0.0,0.0,0.0,725,150,725,0,0,P4,2_options,EleutherAI--pythia-6.9b-deduped,small
0.0,7.0,142.0,0.0,0.0,0.0,725,149,725,0,0,P0,3_options,EleutherAI--pythia-6.9b-deduped,small
0.0,7.0,142.0,0.0,0.0,0.0,762,149,762,0,0,P1,3_options,EleutherAI--pythia-6.9b-deduped,small
0.0,7.0,141.0,0.0,0.0,0.0,762,148,755,7,0,P2,3_options,EleutherAI--pythia-6.9b-deduped,small
0.0,7.0,142.0,0.0,0.0,0.0,725,149,722,3,0,P3,3_options,EleutherAI--pythia-6.9b-deduped,small
0.0,3.0,30.0,0.0,4.0,2.0,725,39,85,640,0,P4,3_options,EleutherAI--pythia-6.9b-deduped,small
261.0,41.0,0.0,46.0,101.0,122.0,725,571,718,7,0,P0,4_options,EleutherAI--pythia-6.9b-deduped,small
259.0,41.0,0.0,83.0,101.0,121.0,762,605,752,10,0,P1,4_options,EleutherAI--pythia-6.9b-deduped,small
260.0,41.0,0.0,83.0,101.0,121.0,762,606,754,8,0,P2,4_options,EleutherAI--pythia-6.9b-deduped,small
260.0,41.0,0.0,46.0,101.0,121.0,725,569,716,9,0,P3,4_options,EleutherAI--pythia-6.9b-deduped,small
0.0,7.0,140.0,0.0,0.0,0.0,725,147,715,10,0,P4,4_options,EleutherAI--pythia-6.9b-deduped,small
263.0,43.0,0.0,46.0,102.0,122.0,725,576,725,0,0,P0,4_options/option_probs,EleutherAI--pythia-6.9b-deduped,small
263.0,43.0,0.0,83.0,102.0,122.0,762,613,762,0,0,P1,4_options/option_probs,EleutherAI--pythia-6.9b-deduped,small
263.0,43.0,0.0,83.0,102.0,122.0,762,613,762,0,0,P2,4_options/option_probs,EleutherAI--pythia-6.9b-deduped,small
263.0,43.0,0.0,46.0,102.0,122.0,725,576,725,0,0,P3,4_options/option_probs,EleutherAI--pythia-6.9b-deduped,small
0.0,7.0,142.0,0.0,0.0,0.0,725,149,725,0,0,P4,4_options/option_probs,EleutherAI--pythia-6.9b-deduped,small
46.0,16.0,55.0,7.0,17.0,36.0,725,177,725,0,0,P0,2_options,togethercomputer--RedPajama-INCITE-7B-Instruct,small
33.0,10.0,72.0,7.0,12.0,28.0,762,162,762,0,0,P1,2_options,togethercomputer--RedPajama-INCITE-7B-Instruct,small
95.0,17.0,35.0,24.0,31.0,23.0,762,225,762,0,0,P2,2_options,togethercomputer--RedPajama-INCITE-7B-Instruct,small
166.0,35.0,14.0,37.0,70.0,92.0,725,414,725,0,0,P3,2_options,togethercomputer--RedPajama-INCITE-7B-Instruct,small
262.0,43.0,2.0,46.0,102.0,122.0,725,577,725,0,0,P4,2_options,togethercomputer--RedPajama-INCITE-7B-Instruct,small
0.0,,3.0,,0.0,,725,3,9,716,0,P0,3_options,togethercomputer--RedPajama-INCITE-7B-Instruct,small
,0.0,4.0,,0.0,,762,4,6,756,0,P1,3_options,togethercomputer--RedPajama-INCITE-7B-Instruct,small
1.0,,4.0,0.0,0.0,,762,5,8,754,0,P2,3_options,togethercomputer--RedPajama-INCITE-7B-Instruct,small
0.0,0.0,26.0,0.0,0.0,,725,26,46,679,0,P3,3_options,togethercomputer--RedPajama-INCITE-7B-Instruct,small
,,0.0,1.0,,,725,1,2,723,0,P4,3_options,togethercomputer--RedPajama-INCITE-7B-Instruct,small
224.0,32.0,0.0,29.0,83.0,119.0,725,487,587,0,138,P0,4_options,togethercomputer--RedPajama-INCITE-7B-Instruct,small
231.0,36.0,0.0,70.0,89.0,120.0,762,546,674,0,88,P1,4_options,togethercomputer--RedPajama-INCITE-7B-Instruct,small
251.0,40.0,0.0,78.0,99.0,122.0,762,590,735,0,27,P2,4_options,togethercomputer--RedPajama-INCITE-7B-Instruct,small
186.0,35.0,0.0,28.0,43.0,113.0,725,405,489,0,236,P3,4_options,togethercomputer--RedPajama-INCITE-7B-Instruct,small
0.0,5.0,52.0,0.0,0.0,0.0,725,57,262,0,463,P4,4_options,togethercomputer--RedPajama-INCITE-7B-Instruct,small
263.0,43.0,0.0,46.0,102.0,122.0,725,576,725,0,0,P0,4_options/option_probs,togethercomputer--RedPajama-INCITE-7B-Instruct,small
263.0,43.0,0.0,83.0,102.0,122.0,762,613,761,1,0,P1,4_options/option_probs,togethercomputer--RedPajama-INCITE-7B-Instruct,small
263.0,43.0,0.0,83.0,102.0,122.0,762,613,762,0,0,P2,4_options/option_probs,togethercomputer--RedPajama-INCITE-7B-Instruct,small
263.0,43.0,0.0,46.0,102.0,122.0,725,576,725,0,0,P3,4_options/option_probs,togethercomputer--RedPajama-INCITE-7B-Instruct,small
0.0,7.0,142.0,0.0,0.0,0.0,725,149,725,0,0,P4,4_options/option_probs,togethercomputer--RedPajama-INCITE-7B-Instruct,small
106.0,32.0,6.0,21.0,83.0,40.0,725,288,668,0,57,P0,2_options,mosaicml--mpt-7b-instruct,small
85.0,26.0,8.0,25.0,68.0,21.0,762,233,680,0,82,P1,2_options,mosaicml--mpt-7b-instruct,small
0.0,0.0,4.0,0.0,0.0,0.0,762,4,46,0,716,P2,2_options,mosaicml--mpt-7b-instruct,small
1.0,2.0,0.0,,9.0,7.0,725,19,77,0,648,P3,2_options,mosaicml--mpt-7b-instruct,small
12.0,5.0,2.0,,6.0,21.0,725,46,59,0,666,P4,2_options,mosaicml--mpt-7b-instruct,small
85.0,13.0,31.0,7.0,41.0,42.0,725,219,661,0,64,P0,3_options,mosaicml--mpt-7b-instruct,small
129.0,20.0,19.0,36.0,60.0,67.0,762,331,682,4,76,P1,3_options,mosaicml--mpt-7b-instruct,small
0.0,1.0,7.0,0.0,0.0,0.0,762,8,73,20,669,P2,3_options,mosaicml--mpt-7b-instruct,small
1.0,1.0,0.0,,1.0,0.0,725,3,13,8,704,P3,3_options,mosaicml--mpt-7b-instruct,small
2.0,0.0,0.0,,,1.0,725,3,7,0,718,P4,3_options,mosaicml--mpt-7b-instruct,small
263.0,43.0,0.0,46.0,102.0,122.0,725,576,725,0,0,P0,4_options,mosaicml--mpt-7b-instruct,small
263.0,43.0,0.0,83.0,102.0,122.0,762,613,762,0,0,P1,4_options,mosaicml--mpt-7b-instruct,small
263.0,43.0,0.0,83.0,102.0,122.0,762,613,762,0,0,P2,4_options,mosaicml--mpt-7b-instruct,small
263.0,43.0,0.0,46.0,102.0,122.0,725,576,725,0,0,P3,4_options,mosaicml--mpt-7b-instruct,small
0.0,7.0,142.0,0.0,0.0,0.0,725,149,725,0,0,P4,4_options,mosaicml--mpt-7b-instruct,small
263.0,43.0,0.0,46.0,102.0,122.0,725,576,725,0,0,P0,4_options/option_probs,mosaicml--mpt-7b-instruct,small
263.0,43.0,0.0,83.0,102.0,122.0,762,613,762,0,0,P1,4_options/option_probs,mosaicml--mpt-7b-instruct,small
263.0,43.0,0.0,83.0,102.0,122.0,762,613,762,0,0,P2,4_options/option_probs,mosaicml--mpt-7b-instruct,small
263.0,43.0,0.0,46.0,102.0,122.0,725,576,725,0,0,P3,4_options/option_probs,mosaicml--mpt-7b-instruct,small
0.0,7.0,142.0,0.0,0.0,0.0,725,149,725,0,0,P4,4_options/option_probs,mosaicml--mpt-7b-instruct,small
34.0,13.0,56.0,15.0,22.0,5.0,725,145,725,0,0,P0,2_options,facebook--opt-iml-max-1.3b,small
11.0,8.0,124.0,1.0,2.0,0.0,762,146,761,0,1,P1,2_options,facebook--opt-iml-max-1.3b,small
34.0,7.0,113.0,7.0,6.0,0.0,762,167,762,0,0,P2,2_options,facebook--opt-iml-max-1.3b,small
19.0,12.0,84.0,12.0,15.0,5.0,725,147,725,0,0,P3,2_options,facebook--opt-iml-max-1.3b,small
256.0,42.0,4.0,46.0,101.0,122.0,725,571,725,0,0,P4,2_options,facebook--opt-iml-max-1.3b,small
81.0,27.0,30.0,30.0,62.0,59.0,725,289,721,4,0,P0,3_options,facebook--opt-iml-max-1.3b,small
36.0,19.0,81.0,39.0,31.0,43.0,762,249,758,4,0,P1,3_options,facebook--opt-iml-max-1.3b,small
121.0,26.0,29.0,61.0,66.0,79.0,762,382,757,5,0,P2,3_options,facebook--opt-iml-max-1.3b,small
172.0,35.0,11.0,40.0,82.0,106.0,725,446,722,3,0,P3,3_options,facebook--opt-iml-max-1.3b,small
156.0,28.0,105.0,25.0,27.0,17.0,725,358,722,3,0,P4,3_options,facebook--opt-iml-max-1.3b,small
260.0,44.0,7.0,46.0,95.0,121.0,725,573,723,1,1,P0,4_options,facebook--opt-iml-max-1.3b,small
258.0,44.0,7.0,83.0,93.0,121.0,762,606,762,0,0,P1,4_options,facebook--opt-iml-max-1.3b,small
260.0,43.0,6.0,80.0,97.0,122.0,762,608,754,2,6,P2,4_options,facebook--opt-iml-max-1.3b,small
259.0,44.0,6.0,46.0,97.0,118.0,725,570,725,0,0,P3,4_options,facebook--opt-iml-max-1.3b,small
190.0,35.0,22.0,36.0,91.0,89.0,725,463,724,0,1,P4,4_options,facebook--opt-iml-max-1.3b,small
260.0,44.0,7.0,46.0,96.0,121.0,725,574,725,0,0,P0,4_options/option_probs,facebook--opt-iml-max-1.3b,small
258.0,44.0,7.0,83.0,93.0,121.0,762,606,762,0,0,P1,4_options/option_probs,facebook--opt-iml-max-1.3b,small
261.0,44.0,6.0,83.0,99.0,122.0,762,615,762,0,0,P2,4_options/option_probs,facebook--opt-iml-max-1.3b,small
259.0,44.0,6.0,46.0,97.0,118.0,725,570,725,0,0,P3,4_options/option_probs,facebook--opt-iml-max-1.3b,small
199.0,36.0,17.0,39.0,91.0,89.0,725,471,725,0,0,P4,4_options/option_probs,facebook--opt-iml-max-1.3b,small
2.0,8.0,73.0,3.0,16.0,0.0,725,102,725,0,0,P0,2_options,openlm-research--open_llama_7b_v2,small
4.0,9.0,76.0,6.0,13.0,0.0,762,108,762,0,0,P1,2_options,openlm-research--open_llama_7b_v2,small
6.0,10.0,50.0,24.0,26.0,0.0,762,116,762,0,0,P2,2_options,openlm-research--open_llama_7b_v2,small
18.0,17.0,43.0,12.0,27.0,1.0,725,118,725,0,0,P3,2_options,openlm-research--open_llama_7b_v2,small
0.0,7.0,142.0,0.0,0.0,0.0,725,149,725,0,0,P4,2_options,openlm-research--open_llama_7b_v2,small
129.0,32.0,0.0,40.0,86.0,44.0,725,331,646,79,0,P0,3_options,openlm-research--open_llama_7b_v2,small
136.0,33.0,0.0,63.0,83.0,45.0,762,360,690,72,0,P1,3_options,openlm-research--open_llama_7b_v2,small
135.0,34.0,0.0,71.0,88.0,41.0,762,369,605,157,0,P2,3_options,openlm-research--open_llama_7b_v2,small
151.0,35.0,0.0,42.0,86.0,52.0,725,366,674,51,0,P3,3_options,openlm-research--open_llama_7b_v2,small
0.0,7.0,142.0,0.0,0.0,0.0,725,149,725,0,0,P4,3_options,openlm-research--open_llama_7b_v2,small
,,,,,,725,0,0,0,725,P0,4_options,openlm-research--open_llama_7b_v2,small
,,,,,,762,0,0,0,762,P1,4_options,openlm-research--open_llama_7b_v2,small
,,,,,,762,0,0,0,762,P2,4_options,openlm-research--open_llama_7b_v2,small
,,,,,,725,0,0,0,725,P3,4_options,openlm-research--open_llama_7b_v2,small
,,,,,,725,0,0,0,725,P4,4_options,openlm-research--open_llama_7b_v2,small
263.0,43.0,0.0,46.0,102.0,122.0,725,576,725,0,0,P0,4_options/option_probs,openlm-research--open_llama_7b_v2,small
263.0,43.0,0.0,83.0,102.0,122.0,762,613,762,0,0,P1,4_options/option_probs,openlm-research--open_llama_7b_v2,small
263.0,43.0,0.0,83.0,102.0,122.0,762,613,762,0,0,P2,4_options/option_probs,openlm-research--open_llama_7b_v2,small
263.0,43.0,0.0,46.0,102.0,122.0,725,576,725,0,0,P3,4_options/option_probs,openlm-research--open_llama_7b_v2,small
0.0,7.0,142.0,0.0,0.0,0.0,725,149,725,0,0,P4,4_options/option_probs,openlm-research--open_llama_7b_v2,small
8.0,10.0,30.0,6.0,14.0,11.0,725,79,725,0,0,P0,2_options,HuggingFaceH4--zephyr-7b-alpha,small
8.0,12.0,31.0,2.0,8.0,10.0,762,71,762,0,0,P1,2_options,HuggingFaceH4--zephyr-7b-alpha,small
6.0,10.0,31.0,12.0,12.0,6.0,762,77,762,0,0,P2,2_options,HuggingFaceH4--zephyr-7b-alpha,small
8.0,11.0,23.0,2.0,13.0,9.0,725,66,724,0,1,P3,2_options,HuggingFaceH4--zephyr-7b-alpha,small
263.0,43.0,1.0,46.0,102.0,122.0,725,577,725,0,0,P4,2_options,HuggingFaceH4--zephyr-7b-alpha,small
,4.0,0.0,,2.0,,725,6,52,664,9,P0,3_options,HuggingFaceH4--zephyr-7b-alpha,small
1.0,4.0,0.0,,,,762,5,53,705,4,P1,3_options,HuggingFaceH4--zephyr-7b-alpha,small
,2.0,0.0,1.0,2.0,,762,5,49,711,2,P2,3_options,HuggingFaceH4--zephyr-7b-alpha,small
,3.0,0.0,,1.0,,725,4,37,686,2,P3,3_options,HuggingFaceH4--zephyr-7b-alpha,small
,,0.0,,,,725,0,1,723,1,P4,3_options,HuggingFaceH4--zephyr-7b-alpha,small
7.0,12.0,34.0,3.0,7.0,2.0,725,65,675,50,0,P0,4_options,HuggingFaceH4--zephyr-7b-alpha,small
3.0,10.0,36.0,0.0,6.0,1.0,762,56,695,66,1,P1,4_options,HuggingFaceH4--zephyr-7b-alpha,small
3.0,7.0,50.0,4.0,2.0,0.0,762,66,582,180,0,P2,4_options,HuggingFaceH4--zephyr-7b-alpha,small
6.0,12.0,21.0,3.0,10.0,2.0,725,54,569,156,0,P3,4_options,HuggingFaceH4--zephyr-7b-alpha,small
263.0,43.0,0.0,46.0,102.0,122.0,725,576,725,0,0,P4,4_options,HuggingFaceH4--zephyr-7b-alpha,small
23.0,12.0,21.0,6.0,18.0,8.0,725,88,670,55,0,P0,4_options/option_probs,HuggingFaceH4--zephyr-7b-alpha,small
16.0,10.0,19.0,4.0,15.0,6.0,762,70,685,77,0,P1,4_options/option_probs,HuggingFaceH4--zephyr-7b-alpha,small
15.0,12.0,17.0,17.0,12.0,4.0,762,77,566,196,0,P2,4_options/option_probs,HuggingFaceH4--zephyr-7b-alpha,small
26.0,16.0,6.0,10.0,20.0,12.0,725,90,559,166,0,P3,4_options/option_probs,HuggingFaceH4--zephyr-7b-alpha,small
262.0,44.0,14.0,46.0,98.0,118.0,725,582,725,0,0,P4,4_options/option_probs,HuggingFaceH4--zephyr-7b-alpha,small
263.0,43.0,0.0,46.0,102.0,122.0,725,576,725,0,0,P0,2_options,Neko-Institute-of-Science--pygmalion-7b,small
263.0,43.0,0.0,83.0,102.0,122.0,762,613,762,0,0,P1,2_options,Neko-Institute-of-Science--pygmalion-7b,small
263.0,43.0,0.0,83.0,102.0,122.0,762,613,762,0,0,P2,2_options,Neko-Institute-of-Science--pygmalion-7b,small
263.0,43.0,0.0,46.0,102.0,122.0,725,576,725,0,0,P3,2_options,Neko-Institute-of-Science--pygmalion-7b,small
0.0,7.0,142.0,0.0,0.0,0.0,725,149,725,0,0,P4,2_options,Neko-Institute-of-Science--pygmalion-7b,small
73.0,22.0,0.0,11.0,26.0,40.0,725,172,261,464,0,P0,3_options,Neko-Institute-of-Science--pygmalion-7b,small
140.0,33.0,0.0,31.0,47.0,69.0,762,320,433,329,0,P1,3_options,Neko-Institute-of-Science--pygmalion-7b,small
259.0,43.0,0.0,82.0,100.0,118.0,762,602,751,11,0,P2,3_options,Neko-Institute-of-Science--pygmalion-7b,small
260.0,43.0,0.0,46.0,99.0,121.0,725,569,717,8,0,P3,3_options,Neko-Institute-of-Science--pygmalion-7b,small
0.0,5.0,69.0,0.0,0.0,0.0,725,74,200,525,0,P4,3_options,Neko-Institute-of-Science--pygmalion-7b,small
4.0,3.0,0.0,1.0,3.0,5.0,725,16,20,0,705,P0,4_options,Neko-Institute-of-Science--pygmalion-7b,small
3.0,2.0,0.0,2.0,1.0,1.0,762,9,12,0,750,P1,4_options,Neko-Institute-of-Science--pygmalion-7b,small
2.0,2.0,,4.0,,1.0,762,9,9,0,753,P2,4_options,Neko-Institute-of-Science--pygmalion-7b,small
3.0,4.0,0.0,6.0,4.0,4.0,725,21,27,0,698,P3,4_options,Neko-Institute-of-Science--pygmalion-7b,small
0.0,0.0,2.0,0.0,0.0,0.0,725,2,13,0,712,P4,4_options,Neko-Institute-of-Science--pygmalion-7b,small
224.0,31.0,0.0,38.0,93.0,119.0,725,505,626,99,0,P0,4_options/option_probs,Neko-Institute-of-Science--pygmalion-7b,small
157.0,22.0,0.0,71.0,81.0,112.0,762,443,521,241,0,P1,4_options/option_probs,Neko-Institute-of-Science--pygmalion-7b,small
99.0,19.0,0.0,58.0,51.0,101.0,762,328,367,395,0,P2,4_options/option_probs,Neko-Institute-of-Science--pygmalion-7b,small
104.0,15.0,0.0,28.0,63.0,94.0,725,304,354,371,0,P3,4_options/option_probs,Neko-Institute-of-Science--pygmalion-7b,small
0.0,1.0,34.0,0.0,0.0,0.0,725,35,290,435,0,P4,4_options/option_probs,Neko-Institute-of-Science--pygmalion-7b,small
110.0,29.0,2.0,36.0,70.0,49.0,725,296,725,0,0,P0,2_options,migtissera--Synthia-7B,small
121.0,31.0,2.0,58.0,70.0,52.0,762,334,762,0,0,P1,2_options,migtissera--Synthia-7B,small
137.0,33.0,0.0,71.0,77.0,46.0,762,364,762,0,0,P2,2_options,migtissera--Synthia-7B,small
217.0,40.0,0.0,44.0,95.0,72.0,725,468,725,0,0,P3,2_options,migtissera--Synthia-7B,small
37.0,9.0,141.0,0.0,2.0,8.0,725,197,725,0,0,P4,2_options,migtissera--Synthia-7B,small
3.0,10.0,24.0,7.0,15.0,2.0,725,61,272,453,0,P0,3_options,migtissera--Synthia-7B,small
7.0,10.0,12.0,14.0,16.0,5.0,762,64,290,472,0,P1,3_options,migtissera--Synthia-7B,small
0.0,7.0,15.0,1.0,8.0,,762,31,113,649,0,P2,3_options,migtissera--Synthia-7B,small
20.0,12.0,12.0,22.0,33.0,3.0,725,102,692,33,0,P3,3_options,migtissera--Synthia-7B,small
240.0,40.0,8.0,40.0,96.0,114.0,725,538,673,52,0,P4,3_options,migtissera--Synthia-7B,small
263.0,43.0,0.0,46.0,102.0,122.0,725,576,725,0,0,P0,4_options,migtissera--Synthia-7B,small
263.0,43.0,0.0,83.0,102.0,122.0,762,613,762,0,0,P1,4_options,migtissera--Synthia-7B,small
263.0,43.0,0.0,83.0,102.0,122.0,762,613,762,0,0,P2,4_options,migtissera--Synthia-7B,small
263.0,43.0,0.0,46.0,102.0,122.0,725,576,725,0,0,P3,4_options,migtissera--Synthia-7B,small
2.0,10.0,135.0,2.0,2.0,1.0,725,152,725,0,0,P4,4_options,migtissera--Synthia-7B,small
263.0,43.0,0.0,46.0,102.0,122.0,725,576,725,0,0,P0,4_options/option_probs,migtissera--Synthia-7B,small
263.0,43.0,0.0,83.0,102.0,122.0,762,613,762,0,0,P1,4_options/option_probs,migtissera--Synthia-7B,small
263.0,43.0,0.0,83.0,102.0,122.0,762,613,762,0,0,P2,4_options/option_probs,migtissera--Synthia-7B,small
263.0,43.0,0.0,46.0,102.0,122.0,725,576,725,0,0,P3,4_options/option_probs,migtissera--Synthia-7B,small
2.0,10.0,135.0,2.0,2.0,1.0,725,152,725,0,0,P4,4_options/option_probs,migtissera--Synthia-7B,small
20.0,3.0,1.0,8.0,8.0,13.0,725,53,63,0,662,P0,2_options,databricks--dolly-v2-7b,small
39.0,12.0,5.0,14.0,8.0,18.0,762,96,131,0,631,P1,2_options,databricks--dolly-v2-7b,small
82.0,10.0,4.0,48.0,37.0,45.0,762,226,281,0,481,P2,2_options,databricks--dolly-v2-7b,small
4.0,4.0,0.0,3.0,8.0,7.0,725,26,29,0,696,P3,2_options,databricks--dolly-v2-7b,small
11.0,2.0,1.0,3.0,4.0,16.0,725,37,59,0,666,P4,2_options,databricks--dolly-v2-7b,small
125.0,15.0,1.0,24.0,49.0,50.0,725,264,309,12,404,P0,3_options,databricks--dolly-v2-7b,small
69.0,10.0,0.0,36.0,42.0,59.0,762,216,255,14,493,P1,3_options,databricks--dolly-v2-7b,small
28.0,5.0,0.0,11.0,12.0,24.0,762,80,95,1,666,P2,3_options,databricks--dolly-v2-7b,small
122.0,18.0,0.0,20.0,53.0,52.0,725,265,314,85,326,P3,3_options,databricks--dolly-v2-7b,small
0.0,1.0,7.0,0.0,0.0,0.0,725,8,67,120,538,P4,3_options,databricks--dolly-v2-7b,small
104.0,22.0,4.0,21.0,41.0,34.0,725,226,305,12,408,P0,4_options,databricks--dolly-v2-7b,small
127.0,21.0,2.0,49.0,48.0,49.0,762,296,381,1,380,P1,4_options,databricks--dolly-v2-7b,small
224.0,35.0,0.0,70.0,87.0,101.0,762,517,643,1,118,P2,4_options,databricks--dolly-v2-7b,small
215.0,30.0,0.0,36.0,81.0,95.0,725,457,562,2,161,P3,4_options,databricks--dolly-v2-7b,small
0.0,6.0,117.0,0.0,0.0,1.0,725,124,607,2,116,P4,4_options,databricks--dolly-v2-7b,small
241.0,40.0,1.0,43.0,94.0,115.0,725,534,679,46,0,P0,4_options/option_probs,databricks--dolly-v2-7b,small
251.0,42.0,0.0,81.0,99.0,121.0,762,594,745,17,0,P1,4_options/option_probs,databricks--dolly-v2-7b,small
252.0,42.0,0.0,80.0,99.0,122.0,762,595,746,16,0,P2,4_options/option_probs,databricks--dolly-v2-7b,small
92.0,27.0,0.0,25.0,66.0,62.0,725,272,364,361,0,P3,4_options/option_probs,databricks--dolly-v2-7b,small
0.0,3.0,47.0,1.0,0.0,0.0,725,51,224,501,0,P4,4_options/option_probs,databricks--dolly-v2-7b,small
259.0,43.0,0.0,46.0,100.0,120.0,725,568,725,0,0,P0,2_options,lmsys--vicuna-7b-v1.5,small
257.0,43.0,0.0,83.0,100.0,118.0,762,601,762,0,0,P1,2_options,lmsys--vicuna-7b-v1.5,small
255.0,43.0,0.0,83.0,101.0,112.0,762,594,762,0,0,P2,2_options,lmsys--vicuna-7b-v1.5,small
257.0,43.0,0.0,46.0,101.0,119.0,725,566,725,0,0,P3,2_options,lmsys--vicuna-7b-v1.5,small
1.0,7.0,142.0,0.0,0.0,4.0,725,154,725,0,0,P4,2_options,lmsys--vicuna-7b-v1.5,small
136.0,40.0,2.0,44.0,97.0,78.0,725,397,720,5,0,P0,3_options,lmsys--vicuna-7b-v1.5,small
102.0,34.0,5.0,63.0,90.0,59.0,762,353,758,3,1,P1,3_options,lmsys--vicuna-7b-v1.5,small
123.0,39.0,2.0,74.0,96.0,59.0,762,393,744,18,0,P2,3_options,lmsys--vicuna-7b-v1.5,small
187.0,40.0,1.0,45.0,98.0,84.0,725,455,724,1,0,P3,3_options,lmsys--vicuna-7b-v1.5,small
245.0,35.0,89.0,34.0,70.0,108.0,725,581,724,1,0,P4,3_options,lmsys--vicuna-7b-v1.5,small
260.0,43.0,1.0,46.0,101.0,108.0,725,559,725,0,0,P0,4_options,lmsys--vicuna-7b-v1.5,small
259.0,43.0,4.0,83.0,100.0,109.0,762,598,762,0,0,P1,4_options,lmsys--vicuna-7b-v1.5,small
263.0,43.0,0.0,83.0,102.0,121.0,762,612,762,0,0,P2,4_options,lmsys--vicuna-7b-v1.5,small
262.0,43.0,1.0,46.0,102.0,122.0,725,576,725,0,0,P3,4_options,lmsys--vicuna-7b-v1.5,small
197.0,33.0,11.0,35.0,96.0,110.0,725,482,694,31,0,P4,4_options,lmsys--vicuna-7b-v1.5,small
260.0,43.0,1.0,46.0,101.0,108.0,725,559,725,0,0,P0,4_options/option_probs,lmsys--vicuna-7b-v1.5,small
259.0,43.0,4.0,83.0,100.0,109.0,762,598,762,0,0,P1,4_options/option_probs,lmsys--vicuna-7b-v1.5,small
263.0,43.0,0.0,83.0,102.0,121.0,762,612,762,0,0,P2,4_options/option_probs,lmsys--vicuna-7b-v1.5,small
262.0,43.0,1.0,46.0,102.0,122.0,725,576,725,0,0,P3,4_options/option_probs,lmsys--vicuna-7b-v1.5,small
197.0,33.0,11.0,35.0,96.0,110.0,725,482,694,31,0,P4,4_options/option_probs,lmsys--vicuna-7b-v1.5,small
237.0,45.0,13.0,36.0,81.0,105.0,725,517,724,0,1,P0,2_options,h2oai--h2ogpt-oig-oasst1-512-6_9b,small
250.0,44.0,4.0,81.0,91.0,119.0,762,589,758,0,4,P1,2_options,h2oai--h2ogpt-oig-oasst1-512-6_9b,small
194.0,36.0,28.0,64.0,61.0,91.0,762,474,762,0,0,P2,2_options,h2oai--h2ogpt-oig-oasst1-512-6_9b,small
262.0,43.0,0.0,46.0,101.0,122.0,725,574,725,0,0,P3,2_options,h2oai--h2ogpt-oig-oasst1-512-6_9b,small
124.0,27.0,41.0,37.0,71.0,76.0,725,376,724,0,1,P4,2_options,h2oai--h2ogpt-oig-oasst1-512-6_9b,small
1.0,0.0,9.0,0.0,0.0,0.0,725,10,55,622,48,P0,3_options,h2oai--h2ogpt-oig-oasst1-512-6_9b,small
1.0,0.0,1.0,,,,762,2,15,701,46,P1,3_options,h2oai--h2ogpt-oig-oasst1-512-6_9b,small
,,,,,,762,0,0,724,38,P2,3_options,h2oai--h2ogpt-oig-oasst1-512-6_9b,small
,,,,,,725,0,0,691,34,P3,3_options,h2oai--h2ogpt-oig-oasst1-512-6_9b,small
,,,,,,725,0,0,719,6,P4,3_options,h2oai--h2ogpt-oig-oasst1-512-6_9b,small
263.0,43.0,0.0,46.0,102.0,122.0,725,576,725,0,0,P0,4_options,h2oai--h2ogpt-oig-oasst1-512-6_9b,small
263.0,43.0,0.0,83.0,102.0,122.0,762,613,762,0,0,P1,4_options,h2oai--h2ogpt-oig-oasst1-512-6_9b,small
263.0,43.0,0.0,83.0,102.0,122.0,762,613,762,0,0,P2,4_options,h2oai--h2ogpt-oig-oasst1-512-6_9b,small
263.0,43.0,0.0,46.0,102.0,122.0,725,576,725,0,0,P3,4_options,h2oai--h2ogpt-oig-oasst1-512-6_9b,small
0.0,7.0,142.0,0.0,0.0,0.0,725,149,725,0,0,P4,4_options,h2oai--h2ogpt-oig-oasst1-512-6_9b,small
263.0,43.0,0.0,46.0,102.0,122.0,725,576,725,0,0,P0,4_options/option_probs,h2oai--h2ogpt-oig-oasst1-512-6_9b,small
263.0,43.0,0.0,83.0,102.0,122.0,762,613,762,0,0,P1,4_options/option_probs,h2oai--h2ogpt-oig-oasst1-512-6_9b,small
263.0,43.0,0.0,83.0,102.0,122.0,762,613,762,0,0,P2,4_options/option_probs,h2oai--h2ogpt-oig-oasst1-512-6_9b,small
263.0,43.0,0.0,46.0,102.0,122.0,725,576,725,0,0,P3,4_options/option_probs,h2oai--h2ogpt-oig-oasst1-512-6_9b,small
0.0,7.0,142.0,0.0,0.0,0.0,725,149,725,0,0,P4,4_options/option_probs,h2oai--h2ogpt-oig-oasst1-512-6_9b,small
46.0,22.0,36.0,16.0,37.0,13.0,725,170,704,0,21,P0,2_options,WizardLM--WizardMath-7B-V1.0,small
57.0,21.0,33.0,35.0,49.0,14.0,762,209,746,0,16,P1,2_options,WizardLM--WizardMath-7B-V1.0,small
65.0,18.0,23.0,16.0,42.0,12.0,762,176,746,0,16,P2,2_options,WizardLM--WizardMath-7B-V1.0,small
35.0,17.0,40.0,8.0,32.0,6.0,725,138,724,0,1,P3,2_options,WizardLM--WizardMath-7B-V1.0,small
244.0,37.0,72.0,39.0,74.0,116.0,725,582,724,0,1,P4,2_options,WizardLM--WizardMath-7B-V1.0,small
110.0,18.0,1.0,19.0,50.0,28.0,725,226,358,347,20,P0,3_options,WizardLM--WizardMath-7B-V1.0,small
145.0,22.0,1.0,26.0,55.0,52.0,762,301,465,283,14,P1,3_options,WizardLM--WizardMath-7B-V1.0,small
79.0,18.0,0.0,13.0,41.0,43.0,762,194,308,403,51,P2,3_options,WizardLM--WizardMath-7B-V1.0,small
155.0,28.0,0.0,24.0,78.0,55.0,725,340,475,191,59,P3,3_options,WizardLM--WizardMath-7B-V1.0,small
4.0,7.0,128.0,0.0,0.0,0.0,725,139,565,140,20,P4,3_options,WizardLM--WizardMath-7B-V1.0,small
1.0,1.0,19.0,0.0,1.0,1.0,725,23,94,631,0,P0,4_options,WizardLM--WizardMath-7B-V1.0,small
9.0,1.0,26.0,1.0,4.0,0.0,762,41,154,608,0,P1,4_options,WizardLM--WizardMath-7B-V1.0,small
2.0,0.0,28.0,0.0,0.0,0.0,762,30,110,649,3,P2,4_options,WizardLM--WizardMath-7B-V1.0,small
1.0,1.0,22.0,0.0,3.0,2.0,725,29,94,569,62,P3,4_options,WizardLM--WizardMath-7B-V1.0,small
17.0,6.0,1.0,4.0,29.0,25.0,725,82,137,570,18,P4,4_options,WizardLM--WizardMath-7B-V1.0,small
263.0,43.0,0.0,46.0,102.0,122.0,725,576,725,0,0,P0,4_options/option_probs,WizardLM--WizardMath-7B-V1.0,small
263.0,43.0,0.0,83.0,102.0,122.0,762,613,762,0,0,P1,4_options/option_probs,WizardLM--WizardMath-7B-V1.0,small
263.0,43.0,0.0,83.0,102.0,122.0,762,613,762,0,0,P2,4_options/option_probs,WizardLM--WizardMath-7B-V1.0,small
263.0,43.0,0.0,46.0,102.0,122.0,725,576,725,0,0,P3,4_options/option_probs,WizardLM--WizardMath-7B-V1.0,small
0.0,7.0,142.0,0.0,0.0,0.0,725,149,725,0,0,P4,4_options/option_probs,WizardLM--WizardMath-7B-V1.0,small
11.0,17.0,22.0,10.0,30.0,4.0,725,94,725,0,0,P0,2_options,garage-bAInd--Stable-Platypus2-13B,large
11.0,15.0,27.0,7.0,25.0,3.0,762,88,762,0,0,P1,2_options,garage-bAInd--Stable-Platypus2-13B,large
6.0,11.0,35.0,14.0,21.0,1.0,762,88,762,0,0,P2,2_options,garage-bAInd--Stable-Platypus2-13B,large
13.0,17.0,25.0,13.0,30.0,2.0,725,100,725,0,0,P3,2_options,garage-bAInd--Stable-Platypus2-13B,large
260.0,41.0,67.0,45.0,92.0,120.0,725,625,725,0,0,P4,2_options,garage-bAInd--Stable-Platypus2-13B,large
3.0,10.0,8.0,8.0,22.0,1.0,725,52,273,452,0,P0,3_options,garage-bAInd--Stable-Platypus2-13B,large
7.0,10.0,6.0,5.0,21.0,1.0,762,50,304,458,0,P1,3_options,garage-bAInd--Stable-Platypus2-13B,large
4.0,8.0,6.0,13.0,21.0,1.0,762,53,278,484,0,P2,3_options,garage-bAInd--Stable-Platypus2-13B,large
3.0,7.0,7.0,5.0,19.0,1.0,725,42,275,450,0,P3,3_options,garage-bAInd--Stable-Platypus2-13B,large
84.0,15.0,71.0,20.0,48.0,21.0,725,259,292,433,0,P4,3_options,garage-bAInd--Stable-Platypus2-13B,large
17.0,19.0,1.0,22.0,47.0,7.0,725,113,435,290,0,P0,4_options,garage-bAInd--Stable-Platypus2-13B,large
13.0,14.0,1.0,15.0,41.0,4.0,762,88,424,338,0,P1,4_options,garage-bAInd--Stable-Platypus2-13B,large
7.0,12.0,0.0,23.0,39.0,1.0,762,82,319,443,0,P2,4_options,garage-bAInd--Stable-Platypus2-13B,large
12.0,17.0,1.0,18.0,43.0,14.0,725,105,389,336,0,P3,4_options,garage-bAInd--Stable-Platypus2-13B,large
223.0,39.0,60.0,35.0,77.0,25.0,725,459,692,33,0,P4,4_options,garage-bAInd--Stable-Platypus2-13B,large
17.0,19.0,1.0,22.0,47.0,7.0,725,113,435,290,0,P0,4_options/option_probs,garage-bAInd--Stable-Platypus2-13B,large
13.0,14.0,1.0,15.0,41.0,4.0,762,88,424,338,0,P1,4_options/option_probs,garage-bAInd--Stable-Platypus2-13B,large
7.0,12.0,0.0,23.0,39.0,1.0,762,82,319,443,0,P2,4_options/option_probs,garage-bAInd--Stable-Platypus2-13B,large
12.0,17.0,1.0,18.0,43.0,14.0,725,105,389,336,0,P3,4_options/option_probs,garage-bAInd--Stable-Platypus2-13B,large
223.0,39.0,60.0,35.0,77.0,25.0,725,459,692,33,0,P4,4_options/option_probs,garage-bAInd--Stable-Platypus2-13B,large
17.0,13.0,18.0,10.0,13.0,3.0,725,74,725,0,0,P0,2_options,garage-bAInd--Platypus2-70B-instruct,large
16.0,12.0,19.0,6.0,13.0,5.0,762,71,762,0,0,P1,2_options,garage-bAInd--Platypus2-70B-instruct,large
8.0,9.0,24.0,10.0,9.0,0.0,762,60,762,0,0,P2,2_options,garage-bAInd--Platypus2-70B-instruct,large
12.0,8.0,19.0,9.0,14.0,2.0,725,64,725,0,0,P3,2_options,garage-bAInd--Platypus2-70B-instruct,large
208.0,38.0,4.0,21.0,71.0,87.0,725,429,725,0,0,P4,2_options,garage-bAInd--Platypus2-70B-instruct,large
10.0,10.0,10.0,7.0,17.0,1.0,725,55,560,165,0,P0,3_options,garage-bAInd--Platypus2-70B-instruct,large
12.0,9.0,8.0,8.0,19.0,3.0,762,59,627,135,0,P1,3_options,garage-bAInd--Platypus2-70B-instruct,large
4.0,6.0,10.0,8.0,12.0,0.0,762,40,593,169,0,P2,3_options,garage-bAInd--Platypus2-70B-instruct,large
7.0,9.0,7.0,5.0,17.0,0.0,725,45,576,149,0,P3,3_options,garage-bAInd--Platypus2-70B-instruct,large
66.0,17.0,8.0,3.0,42.0,19.0,725,155,404,321,0,P4,3_options,garage-bAInd--Platypus2-70B-instruct,large
11.0,12.0,5.0,9.0,23.0,0.0,725,60,510,215,0,P0,4_options,garage-bAInd--Platypus2-70B-instruct,large
16.0,11.0,3.0,9.0,23.0,3.0,762,65,593,169,0,P1,4_options,garage-bAInd--Platypus2-70B-instruct,large
1.0,2.0,2.0,4.0,11.0,0.0,762,20,432,330,0,P2,4_options,garage-bAInd--Platypus2-70B-instruct,large
5.0,6.0,2.0,5.0,20.0,0.0,725,38,491,234,0,P3,4_options,garage-bAInd--Platypus2-70B-instruct,large
24.0,9.0,16.0,5.0,18.0,0.0,725,72,476,249,0,P4,4_options,garage-bAInd--Platypus2-70B-instruct,large
15.0,13.0,6.0,9.0,23.0,0.0,725,66,538,187,0,P0,4_options/option_probs,garage-bAInd--Platypus2-70B-instruct,large
19.0,13.0,4.0,8.0,21.0,4.0,762,69,624,138,0,P1,4_options/option_probs,garage-bAInd--Platypus2-70B-instruct,large
1.0,4.0,2.0,5.0,13.0,0.0,762,25,474,288,0,P2,4_options/option_probs,garage-bAInd--Platypus2-70B-instruct,large
13.0,8.0,5.0,7.0,20.0,0.0,725,53,535,190,0,P3,4_options/option_probs,garage-bAInd--Platypus2-70B-instruct,large
29.0,13.0,15.0,6.0,22.0,1.0,725,86,518,207,0,P4,4_options/option_probs,garage-bAInd--Platypus2-70B-instruct,large
171.0,37.0,5.0,42.0,77.0,79.0,725,411,725,0,0,P0,2_options,facebook--opt-iml-max-30b,large
198.0,38.0,1.0,69.0,83.0,105.0,762,494,762,0,0,P1,2_options,facebook--opt-iml-max-30b,large
131.0,30.0,1.0,69.0,76.0,52.0,762,359,762,0,0,P2,2_options,facebook--opt-iml-max-30b,large
216.0,40.0,2.0,43.0,83.0,107.0,725,491,725,0,0,P3,2_options,facebook--opt-iml-max-30b,large
256.0,46.0,20.0,45.0,96.0,106.0,725,569,725,0,0,P4,2_options,facebook--opt-iml-max-30b,large
80.0,28.0,20.0,28.0,54.0,41.0,725,251,697,28,0,P0,3_options,facebook--opt-iml-max-30b,large
110.0,28.0,22.0,54.0,60.0,64.0,762,338,752,10,0,P1,3_options,facebook--opt-iml-max-30b,large
23.0,11.0,78.0,17.0,13.0,9.0,762,151,760,2,0,P2,3_options,facebook--opt-iml-max-30b,large
98.0,28.0,10.0,29.0,58.0,45.0,725,268,679,46,0,P3,3_options,facebook--opt-iml-max-30b,large
238.0,39.0,30.0,44.0,90.0,116.0,725,557,709,16,0,P4,3_options,facebook--opt-iml-max-30b,large
260.0,42.0,1.0,45.0,100.0,122.0,725,570,721,4,0,P0,4_options,facebook--opt-iml-max-30b,large
254.0,41.0,2.0,80.0,93.0,122.0,762,592,749,13,0,P1,4_options,facebook--opt-iml-max-30b,large
251.0,41.0,1.0,74.0,87.0,122.0,762,576,745,16,1,P2,4_options,facebook--opt-iml-max-30b,large
253.0,42.0,0.0,43.0,97.0,122.0,725,557,710,15,0,P3,4_options,facebook--opt-iml-max-30b,large
61.0,29.0,80.0,28.0,79.0,54.0,725,331,608,116,1,P4,4_options,facebook--opt-iml-max-30b,large
260.0,42.0,1.0,45.0,100.0,122.0,725,570,721,4,0,P0,4_options/option_probs,facebook--opt-iml-max-30b,large
254.0,41.0,2.0,81.0,93.0,122.0,762,593,750,12,0,P1,4_options/option_probs,facebook--opt-iml-max-30b,large
252.0,41.0,1.0,74.0,87.0,122.0,762,577,746,16,0,P2,4_options/option_probs,facebook--opt-iml-max-30b,large
253.0,42.0,0.0,43.0,97.0,122.0,725,557,710,15,0,P3,4_options/option_probs,facebook--opt-iml-max-30b,large
61.0,29.0,79.0,28.0,79.0,54.0,725,330,607,118,0,P4,4_options/option_probs,facebook--opt-iml-max-30b,large
13.0,17.0,19.0,17.0,38.0,2.0,725,106,562,0,163,P0,2_options,meta-llama--Llama-2-70b-chat-hf,large
16.0,15.0,19.0,12.0,34.0,2.0,762,98,626,0,136,P1,2_options,meta-llama--Llama-2-70b-chat-hf,large
9.0,9.0,25.0,13.0,21.0,3.0,762,80,666,0,96,P2,2_options,meta-llama--Llama-2-70b-chat-hf,large
19.0,18.0,17.0,19.0,34.0,2.0,725,109,532,0,193,P3,2_options,meta-llama--Llama-2-70b-chat-hf,large
245.0,44.0,4.0,46.0,102.0,117.0,725,558,703,0,22,P4,2_options,meta-llama--Llama-2-70b-chat-hf,large
10.0,11.0,29.0,12.0,18.0,0.0,725,80,538,142,45,P0,3_options,meta-llama--Llama-2-70b-chat-hf,large
12.0,11.0,26.0,12.0,19.0,0.0,762,80,568,160,34,P1,3_options,meta-llama--Llama-2-70b-chat-hf,large
4.0,7.0,33.0,5.0,9.0,0.0,762,58,419,340,3,P2,3_options,meta-llama--Llama-2-70b-chat-hf,large
17.0,13.0,22.0,18.0,20.0,1.0,725,91,480,178,67,P3,3_options,meta-llama--Llama-2-70b-chat-hf,large
174.0,36.0,1.0,45.0,101.0,90.0,725,447,590,132,3,P4,3_options,meta-llama--Llama-2-70b-chat-hf,large
18.0,9.0,32.0,11.0,17.0,1.0,725,88,488,7,230,P0,4_options,meta-llama--Llama-2-70b-chat-hf,large
13.0,8.0,43.0,7.0,8.0,0.0,762,79,563,9,190,P1,4_options,meta-llama--Llama-2-70b-chat-hf,large
4.0,7.0,36.0,8.0,10.0,0.0,762,65,561,17,184,P2,4_options,meta-llama--Llama-2-70b-chat-hf,large
14.0,10.0,22.0,11.0,15.0,0.0,725,72,430,13,282,P3,4_options,meta-llama--Llama-2-70b-chat-hf,large
196.0,36.0,0.0,46.0,100.0,93.0,725,471,603,0,122,P4,4_options,meta-llama--Llama-2-70b-chat-hf,large
43.0,10.0,40.0,8.0,10.0,11.0,725,122,716,9,0,P0,4_options/option_probs,meta-llama--Llama-2-70b-chat-hf,large
26.0,9.0,43.0,3.0,8.0,10.0,762,99,754,8,0,P1,4_options/option_probs,meta-llama--Llama-2-70b-chat-hf,large
10.0,6.0,40.0,3.0,6.0,2.0,762,67,754,8,0,P2,4_options/option_probs,meta-llama--Llama-2-70b-chat-hf,large
67.0,11.0,26.0,10.0,12.0,11.0,725,137,720,5,0,P3,4_options/option_probs,meta-llama--Llama-2-70b-chat-hf,large
263.0,44.0,1.0,46.0,102.0,117.0,725,573,725,0,0,P4,4_options/option_probs,meta-llama--Llama-2-70b-chat-hf,large
0.0,7.0,142.0,0.0,0.0,0.0,725,149,725,0,0,P0,2_options,migtissera--Synthia-13B,large
0.0,7.0,142.0,0.0,0.0,0.0,762,149,762,0,0,P1,2_options,migtissera--Synthia-13B,large
0.0,7.0,142.0,0.0,0.0,0.0,762,149,762,0,0,P2,2_options,migtissera--Synthia-13B,large
0.0,9.0,116.0,0.0,1.0,0.0,725,126,725,0,0,P3,2_options,migtissera--Synthia-13B,large
263.0,43.0,0.0,46.0,102.0,122.0,725,576,725,0,0,P4,2_options,migtissera--Synthia-13B,large
1.0,5.0,60.0,0.0,0.0,0.0,725,66,226,499,0,P0,3_options,migtissera--Synthia-13B,large
2.0,4.0,59.0,0.0,0.0,0.0,762,65,322,440,0,P1,3_options,migtissera--Synthia-13B,large
4.0,7.0,10.0,7.0,16.0,1.0,762,45,389,373,0,P2,3_options,migtissera--Synthia-13B,large
7.0,14.0,30.0,5.0,20.0,3.0,725,79,724,1,0,P3,3_options,migtissera--Synthia-13B,large
261.0,43.0,1.0,46.0,102.0,121.0,725,574,722,3,0,P4,3_options,migtissera--Synthia-13B,large
263.0,43.0,0.0,46.0,102.0,122.0,725,576,725,0,0,P0,4_options,migtissera--Synthia-13B,large
263.0,43.0,0.0,83.0,102.0,122.0,762,613,762,0,0,P1,4_options,migtissera--Synthia-13B,large
263.0,43.0,0.0,83.0,102.0,122.0,762,613,762,0,0,P2,4_options,migtissera--Synthia-13B,large
263.0,43.0,0.0,46.0,102.0,122.0,725,576,725,0,0,P3,4_options,migtissera--Synthia-13B,large
0.0,7.0,142.0,0.0,0.0,0.0,725,149,725,0,0,P4,4_options,migtissera--Synthia-13B,large
263.0,43.0,0.0,46.0,102.0,122.0,725,576,725,0,0,P0,4_options/option_probs,migtissera--Synthia-13B,large
263.0,43.0,0.0,83.0,102.0,122.0,762,613,762,0,0,P1,4_options/option_probs,migtissera--Synthia-13B,large
263.0,43.0,0.0,83.0,102.0,122.0,762,613,762,0,0,P2,4_options/option_probs,migtissera--Synthia-13B,large
263.0,43.0,0.0,46.0,102.0,122.0,725,576,725,0,0,P3,4_options/option_probs,migtissera--Synthia-13B,large
0.0,7.0,142.0,0.0,0.0,0.0,725,149,725,0,0,P4,4_options/option_probs,migtissera--Synthia-13B,large
4.0,4.0,0.0,2.0,1.0,5.0,725,16,18,0,707,P0,2_options,databricks--dolly-v2-12b,large
17.0,5.0,0.0,10.0,10.0,14.0,762,56,77,0,685,P1,2_options,databricks--dolly-v2-12b,large
7.0,2.0,0.0,,4.0,1.0,762,14,18,0,744,P2,2_options,databricks--dolly-v2-12b,large
7.0,,0.0,,0.0,6.0,725,13,23,0,702,P3,2_options,databricks--dolly-v2-12b,large
6.0,7.0,35.0,2.0,1.0,10.0,725,61,119,0,606,P4,2_options,databricks--dolly-v2-12b,large
1.0,0.0,3.0,1.0,1.0,2.0,725,8,25,54,646,P0,3_options,databricks--dolly-v2-12b,large
2.0,1.0,6.0,7.0,9.0,3.0,762,28,44,49,669,P1,3_options,databricks--dolly-v2-12b,large
3.0,0.0,1.0,,0.0,0.0,762,4,13,103,646,P2,3_options,databricks--dolly-v2-12b,large
1.0,,0.0,1.0,1.0,0.0,725,3,15,105,605,P3,3_options,databricks--dolly-v2-12b,large
1.0,1.0,2.0,2.0,5.0,1.0,725,12,16,63,646,P4,3_options,databricks--dolly-v2-12b,large
69.0,4.0,2.0,13.0,20.0,15.0,725,123,171,53,501,P0,4_options,databricks--dolly-v2-12b,large
46.0,2.0,10.0,11.0,23.0,20.0,762,112,180,61,521,P1,4_options,databricks--dolly-v2-12b,large
70.0,8.0,2.0,18.0,41.0,30.0,762,169,246,120,396,P2,4_options,databricks--dolly-v2-12b,large
41.0,5.0,0.0,5.0,9.0,29.0,725,89,133,153,439,P3,4_options,databricks--dolly-v2-12b,large
15.0,2.0,21.0,1.0,4.0,3.0,725,46,101,65,559,P4,4_options,databricks--dolly-v2-12b,large
134.0,26.0,62.0,19.0,50.0,99.0,725,390,714,11,0,P0,4_options/option_probs,databricks--dolly-v2-12b,large
153.0,27.0,63.0,33.0,57.0,106.0,762,439,746,16,0,P1,4_options/option_probs,databricks--dolly-v2-12b,large
160.0,25.0,32.0,40.0,61.0,84.0,762,402,688,74,0,P2,4_options/option_probs,databricks--dolly-v2-12b,large
16.0,10.0,124.0,2.0,7.0,8.0,725,167,707,18,0,P3,4_options/option_probs,databricks--dolly-v2-12b,large
254.0,42.0,4.0,44.0,101.0,119.0,725,564,720,5,0,P4,4_options/option_probs,databricks--dolly-v2-12b,large
0.0,5.0,95.0,0.0,2.0,0.0,725,102,570,0,155,P0,2_options,meta-llama--Llama-2-13b-chat-hf,large
0.0,5.0,107.0,0.0,1.0,0.0,762,113,631,0,131,P1,2_options,meta-llama--Llama-2-13b-chat-hf,large
0.0,4.0,131.0,0.0,0.0,0.0,762,135,628,0,134,P2,2_options,meta-llama--Llama-2-13b-chat-hf,large
0.0,6.0,108.0,0.0,1.0,0.0,725,115,488,0,237,P3,2_options,meta-llama--Llama-2-13b-chat-hf,large
231.0,41.0,0.0,46.0,101.0,81.0,725,500,635,0,90,P4,2_options,meta-llama--Llama-2-13b-chat-hf,large
0.0,1.0,4.0,0.0,0.0,0.0,725,5,45,524,156,P0,3_options,meta-llama--Llama-2-13b-chat-hf,large
0.0,,2.0,0.0,0.0,0.0,762,2,34,590,138,P1,3_options,meta-llama--Llama-2-13b-chat-hf,large
0.0,2.0,4.0,0.0,0.0,0.0,762,6,93,560,109,P2,3_options,meta-llama--Llama-2-13b-chat-hf,large
0.0,2.0,15.0,0.0,0.0,0.0,725,17,174,359,192,P3,3_options,meta-llama--Llama-2-13b-chat-hf,large
36.0,3.0,0.0,1.0,1.0,9.0,725,50,55,589,81,P4,3_options,meta-llama--Llama-2-13b-chat-hf,large
0.0,9.0,67.0,7.0,9.0,0.0,725,92,436,0,289,P0,4_options,meta-llama--Llama-2-13b-chat-hf,large
0.0,7.0,74.0,4.0,6.0,0.0,762,91,479,0,283,P1,4_options,meta-llama--Llama-2-13b-chat-hf,large
0.0,6.0,68.0,2.0,1.0,0.0,762,77,353,136,273,P2,4_options,meta-llama--Llama-2-13b-chat-hf,large
0.0,7.0,56.0,9.0,9.0,0.0,725,81,372,21,332,P3,4_options,meta-llama--Llama-2-13b-chat-hf,large
188.0,39.0,0.0,46.0,99.0,47.0,725,419,550,0,175,P4,4_options,meta-llama--Llama-2-13b-chat-hf,large
67.0,21.0,0.0,42.0,87.0,5.0,725,222,342,383,0,P0,4_options/option_probs,meta-llama--Llama-2-13b-chat-hf,large
71.0,22.0,0.0,79.0,90.0,5.0,762,267,388,374,0,P1,4_options/option_probs,meta-llama--Llama-2-13b-chat-hf,large
67.0,21.0,0.0,78.0,90.0,7.0,762,263,379,383,0,P2,4_options/option_probs,meta-llama--Llama-2-13b-chat-hf,large
39.0,19.0,0.0,40.0,88.0,2.0,725,188,309,416,0,P3,4_options/option_probs,meta-llama--Llama-2-13b-chat-hf,large
0.0,3.0,109.0,0.0,0.0,0.0,725,112,426,299,0,P4,4_options/option_probs,meta-llama--Llama-2-13b-chat-hf,large
18.0,12.0,14.0,16.0,9.0,4.0,725,73,725,0,0,P0,2_options,gpt-4-1106-preview,openai
18.0,13.0,13.0,10.0,9.0,4.0,762,67,762,0,0,P1,2_options,gpt-4-1106-preview,openai
13.0,10.0,13.0,15.0,8.0,3.0,762,62,762,0,0,P2,2_options,gpt-4-1106-preview,openai
11.0,11.0,11.0,16.0,10.0,3.0,725,62,725,0,0,P3,2_options,gpt-4-1106-preview,openai
90.0,25.0,21.0,15.0,17.0,27.0,725,195,725,0,0,P4,2_options,gpt-4-1106-preview,openai
5.0,8.0,13.0,10.0,7.0,2.0,725,45,506,219,0,P0,3_options,gpt-4-1106-preview,openai
5.0,8.0,13.0,9.0,7.0,2.0,762,44,548,214,0,P1,3_options,gpt-4-1106-preview,openai
5.0,5.0,15.0,11.0,6.0,0.0,762,42,526,236,0,P2,3_options,gpt-4-1106-preview,openai
3.0,7.0,11.0,11.0,8.0,1.0,725,41,459,266,0,P3,3_options,gpt-4-1106-preview,openai
84.0,19.0,17.0,14.0,61.0,39.0,725,234,422,303,0,P4,3_options,gpt-4-1106-preview,openai
5.0,10.0,8.0,11.0,9.0,1.0,725,44,549,176,0,P0,4_options,gpt-4-1106-preview,openai
6.0,8.0,5.0,8.0,8.0,0.0,762,35,594,168,0,P1,4_options,gpt-4-1106-preview,openai
1.0,3.0,7.0,9.0,8.0,0.0,762,28,591,171,0,P2,4_options,gpt-4-1106-preview,openai
4.0,8.0,9.0,13.0,9.0,1.0,725,44,587,138,0,P3,4_options,gpt-4-1106-preview,openai
9.0,11.0,25.0,4.0,5.0,1.0,725,55,586,139,0,P4,4_options,gpt-4-1106-preview,openai
24.0,12.0,9.0,7.0,34.0,3.0,725,89,725,0,0,P0,2_options,text-davinci-003,openai
17.0,12.0,17.0,4.0,26.0,4.0,762,80,762,0,0,P1,2_options,text-davinci-003,openai
15.0,8.0,12.0,18.0,26.0,2.0,762,81,762,0,0,P2,2_options,text-davinci-003,openai
19.0,16.0,9.0,8.0,38.0,4.0,725,94,725,0,0,P3,2_options,text-davinci-003,openai
263.0,43.0,18.0,46.0,100.0,120.0,725,590,725,0,0,P4,2_options,text-davinci-003,openai
5.0,7.0,18.0,1.0,17.0,1.0,725,49,539,186,0,P0,3_options,text-davinci-003,openai
3.0,5.0,22.0,0.0,12.0,1.0,762,43,569,193,0,P1,3_options,text-davinci-003,openai
1.0,1.0,0.0,1.0,7.0,0.0,762,10,263,499,0,P2,3_options,text-davinci-003,openai
2.0,6.0,14.0,3.0,20.0,1.0,725,46,471,254,0,P3,3_options,text-davinci-003,openai
172.0,19.0,5.0,15.0,74.0,106.0,725,391,462,263,0,P4,3_options,text-davinci-003,openai
41.0,20.0,1.0,15.0,60.0,11.0,725,148,651,74,0,P0,4_options,text-davinci-003,openai
29.0,16.0,4.0,11.0,43.0,8.0,762,111,664,98,0,P1,4_options,text-davinci-003,openai
1.0,1.0,0.0,4.0,12.0,0.0,762,18,166,596,0,P2,4_options,text-davinci-003,openai
23.0,15.0,2.0,21.0,42.0,9.0,725,112,603,122,0,P3,4_options,text-davinci-003,openai
263.0,43.0,2.0,46.0,101.0,122.0,725,577,723,2,0,P4,4_options,text-davinci-003,openai
18.0,13.0,11.0,6.0,32.0,3.0,725,83,725,0,0,P0,2_options,gpt-3.5-turbo,openai
23.0,14.0,14.0,6.0,20.0,3.0,762,80,762,0,0,P1,2_options,gpt-3.5-turbo,openai
17.0,9.0,20.0,5.0,12.0,2.0,762,65,762,0,0,P2,2_options,gpt-3.5-turbo,openai
21.0,14.0,4.0,9.0,36.0,4.0,725,88,725,0,0,P3,2_options,gpt-3.5-turbo,openai
237.0,44.0,72.0,40.0,74.0,97.0,725,564,725,0,0,P4,2_options,gpt-3.5-turbo,openai
7.0,8.0,8.0,6.0,28.0,1.0,725,58,416,309,0,P0,3_options,gpt-3.5-turbo,openai
13.0,13.0,6.0,10.0,26.0,2.0,762,70,499,263,0,P1,3_options,gpt-3.5-turbo,openai
1.0,4.0,0.0,2.0,19.0,0.0,762,26,311,451,0,P2,3_options,gpt-3.5-turbo,openai
1.0,6.0,1.0,3.0,26.0,2.0,725,39,272,453,0,P3,3_options,gpt-3.5-turbo,openai
67.0,8.0,75.0,5.0,38.0,44.0,725,237,276,449,0,P4,3_options,gpt-3.5-turbo,openai
10.0,9.0,2.0,8.0,36.0,1.0,725,66,396,329,0,P0,4_options,gpt-3.5-turbo,openai
7.0,6.0,1.0,8.0,25.0,0.0,762,47,352,410,0,P1,4_options,gpt-3.5-turbo,openai
2.0,2.0,2.0,1.0,10.0,0.0,762,17,215,547,0,P2,4_options,gpt-3.5-turbo,openai
4.0,5.0,1.0,5.0,21.0,0.0,725,36,299,426,0,P3,4_options,gpt-3.5-turbo,openai
46.0,10.0,56.0,1.0,9.0,21.0,725,143,243,482,0,P4,4_options,gpt-3.5-turbo,openai
11.0,17.0,11.0,17.0,21.0,3.0,725,80,725,0,0,P0,2_options,gpt-4,openai
11.0,16.0,12.0,8.0,20.0,4.0,762,71,762,0,0,P1,2_options,gpt-4,openai
9.0,16.0,11.0,25.0,22.0,2.0,762,85,762,0,0,P2,2_options,gpt-4,openai
6.0,14.0,13.0,14.0,18.0,3.0,725,68,725,0,0,P3,2_options,gpt-4,openai
134.0,31.0,18.0,20.0,26.0,38.0,725,267,725,0,0,P4,2_options,gpt-4,openai
6.0,14.0,6.0,17.0,25.0,0.0,725,68,571,154,0,P0,3_options,gpt-4,openai
9.0,13.0,5.0,10.0,20.0,1.0,762,58,669,93,0,P1,3_options,gpt-4,openai
2.0,6.0,4.0,10.0,19.0,0.0,762,41,523,239,0,P2,3_options,gpt-4,openai
1.0,5.0,5.0,10.0,16.0,0.0,725,37,383,342,0,P3,3_options,gpt-4,openai
6.0,4.0,14.0,0.0,15.0,6.0,725,45,307,418,0,P4,3_options,gpt-4,openai
7.0,10.0,6.0,13.0,23.0,0.0,725,59,587,138,0,P0,4_options,gpt-4,openai
7.0,8.0,6.0,7.0,22.0,0.0,762,50,629,133,0,P1,4_options,gpt-4,openai
1.0,3.0,5.0,5.0,17.0,0.0,762,31,560,202,0,P2,4_options,gpt-4,openai
5.0,8.0,7.0,15.0,19.0,0.0,725,54,583,142,0,P3,4_options,gpt-4,openai
10.0,7.0,15.0,7.0,17.0,4.0,725,60,533,192,0,P4,4_options,gpt-4,openai
